Date,Close,High,Low,Open,Volume,Returns
2020-01-02,72.33387756347656,72.39408555090253,71.0911838210517,71.34405442839761,135480400,
2020-01-03,71.63066101074219,72.38928035156616,71.40668901147588,71.56322834377139,146322800,-0.009721814679674368
2020-01-06,72.20140838623047,72.23994237629597,70.50354624985978,70.75401351048198,118387200,0.0079679199861451
2020-01-07,71.86185455322266,72.46633779595872,71.6426965801033,72.21105649751387,108872000,-0.004702869938373211
2020-01-08,73.0178451538086,73.31888511458335,71.56562867701548,71.56562867701548,132079200,0.01608628955894509
2020-01-09,74.56877899169922,74.76144156312063,73.74272737606113,73.99318724898775,170108400,0.021240476689275756
2020-01-10,74.73738098144531,75.3009342510977,74.23645372460896,74.80241031619431,140644800,0.0022610265586466838
2020-01-13,76.3341064453125,76.36060178633993,74.93487315391599,75.05288582822318,121532000,0.02136448244371314
2020-01-14,75.3033218383789,76.48099343710987,75.18050255877637,76.27147084582813,161954400,-0.013503591709324247
2020-01-15,74.9806137084961,75.98247543934815,74.54952248725758,75.10344034713454,121923600,-0.004285443483827089
2020-01-16,75.91986846923828,76.03065646802948,75.16124922768141,75.52249718552835,108829200,0.012526634743131648
2020-01-17,76.76036834716797,76.76277166888072,75.86206254796348,76.16791647174253,137816400,0.011070881639767993
2020-01-21,76.24016571044922,76.83019952815127,76.10288974668396,76.3894803308505,110843200,-0.00677696900001834
2020-01-22,76.5123062133789,77.06380603496487,76.4183782339569,76.72423213565071,101832400,0.00356951615193557
2020-01-23,76.88077545166016,76.96024675038308,76.01859307367198,76.56528622859716,104472000,0.004815816651162708
2020-01-24,76.65922546386719,77.86819933392093,76.46896614550444,77.12644008388187,146537600,-0.0028817345622673685
2020-01-27,74.40502166748047,75.08416206919466,73.42483402812097,74.67234156024762,161940000,-0.029405512288266267
2020-01-28,76.5098876953125,76.68087628820244,75.18531223152581,75.28405419350632,162234000,0.028289300650146565
2020-01-29,78.11143493652344,78.95675744540253,77.39857441186852,78.13793027321145,216229200,0.02093255250339432
2020-01-30,77.99823760986328,78.05122092954578,76.76517927864235,77.19627050016777,126743200,-0.0014491774059988138
2020-01-31,74.53990173339844,77.71165450707113,74.24608645041388,77.29019858022654,199588400,-0.044338641262165135
2020-02-03,74.33518981933594,75.4984048922783,72.78423148900761,73.28515870612867,173788400,-0.002746340004507686
2020-02-04,76.7892837524414,76.9795430880588,75.53214043347742,75.93673642473705,136616400,0.03301389206202199
2020-02-05,77.41543579101562,78.21258898353346,76.81335589638837,77.91395235806485,118826800,0.008154159121900983
2020-02-06,78.32095336914062,78.3233640404218,77.12883967256218,77.68516086755363,105425600,0.011696860824622402
2020-02-07,77.2563705444336,78.06989925267796,76.76632167871378,77.82125391424971,117684000,-0.01359256723663027
2020-02-10,77.62329864501953,77.62329864501953,75.7644959675757,75.84415588740227,109348800,0.004749486650746926
2020-02-11,77.15495300292969,78.1905758646545,76.93769137166434,78.11815777658227,94323200,-0.006033570464863192
2020-02-12,78.9872055053711,78.99203092184983,77.60396119473592,77.60396119473592,113730400,0.023747697732015016
2020-02-13,78.42474365234375,78.75063980830953,78.05781303227035,78.2605910618148,94747600,-0.007120923565134829
2020-02-14,78.4440689086914,78.69271421468866,77.93712009409066,78.3933688702963,80113600,0.00024641784528256494
2020-02-18,77.00772094726562,77.18877358272158,75.94795598487916,76.12900862033511,152531200,-0.018310472434795333
2020-02-19,78.12299346923828,78.3523297233802,77.24911404532844,77.24911404532844,93984000,0.014482606526381891
2020-02-20,77.3215560913086,78.37166303401608,76.81702354297988,77.88403050271104,100566000,-0.010258661916805134
2020-02-21,75.57135772705078,77.35774940247184,74.95578178960817,76.91597690115918,129554000,-0.022635322576682437
2020-02-24,71.98169708251953,73.43011814732492,69.8211400810818,71.75960997813098,222195200,-0.047500279900970055
2020-02-25,69.54351806640625,73.03180163978591,69.07278565467855,72.65038734565039,230673600,-0.03387220800473989
2020-02-26,70.64673614501953,71.90927916190874,69.16210602316792,69.16934783382864,198054800,0.01586370821159533
2020-02-27,66.02867889404297,69.04139705399142,65.8934935311334,67.85852144500781,320605600,-0.06536830295311702
2020-02-28,65.99005126953125,67.20914325476264,61.88860853206062,62.10346116385855,426510000,-0.0005850128331919002
2020-03-02,72.13377380371094,72.76866613954134,67.04257525684778,68.14337454443714,341397200,0.09310073891420578
2020-03-03,69.84285736083984,73.38665871766685,68.99311238709194,73.3069988099028,319475600,-0.031759276162440786
2020-03-04,73.08248138427734,73.24180855249296,70.76259766156525,71.5616425276586,219178400,0.04638447145282343
2020-03-05,70.71192169189453,72.31242082695749,70.34740002247567,71.33956494467967,187572800,-0.03243677072098983
2020-03-06,69.77286529541016,70.20497969740977,67.88992061879122,68.07579869358199,226176800,-0.013280029364440504
2020-03-09,64.25436401367188,67.13188921300795,63.48911178224734,63.67016438238683,286744800,-0.07909237005494318
2020-03-10,68.88206481933594,69.14761010810192,65.02685113261988,66.90256079781972,285290000,0.07202157980552726
2020-03-11,66.48976135253906,67.88748961967876,65.627949126833,66.96291749628936,255598800,-0.034730426172203344
2020-03-12,59.923587799072266,65.17894285229022,59.86806602728879,61.78481034349421,418474000,-0.09875465665535965
2020-03-13,67.1029281616211,67.57366791219874,61.06301183278901,63.94537376560975,370732000,0.11980825291405495
2020-03-16,58.47035217285156,62.54282496971143,57.9368487366503,58.40758489593045,322423600,-0.12864678524873752
2020-03-17,61.041290283203125,62.1879532458274,57.55059398806874,59.74978006097213,324056000,0.04396994399403109
2020-03-18,59.546993255615234,60.350867249400196,57.241589389983226,57.88131079294163,300233600,-0.024480102249723856
2020-03-19,59.09074401855469,61.03645549375763,58.56689890473273,59.72080725380135,271857200,-0.007662002934422318
2020-03-20,55.33934020996094,60.79264444451166,55.03999854094989,59.67011594836406,401693200,-0.06348547257106452
2020-03-23,54.1637077331543,55.16070547027294,51.32480360482342,55.05931643178171,336752800,-0.021244063849446326
2020-03-24,59.59769821166992,59.79323446043245,56.56084169108887,57.05813231967632,287531200,0.10032530463547662
2020-03-25,59.269386291503906,62.34245170831376,58.97487373705756,60.53192552123785,303602000,-0.005508802017822334
2020-03-26,62.3883171081543,62.4462515869641,59.47216257409066,59.5107880156471,252087200,0.052622964599474464
2020-03-27,59.805301666259766,61.767909526223264,59.638732669554486,61.01473181958192,204216800,-0.04140222980236352
2020-03-30,61.51203155517578,61.68342967850782,60.20603760216864,60.529521124828726,167976400,0.028538103501932532
2020-03-31,61.386497497558594,63.366005560924876,60.833685075362965,61.70273919270683,197002000,-0.002040804935934948
2020-04-01,58.15652084350586,60.04188167908633,57.726822887688364,59.50596558883749,176218400,-0.05261705400574768
2020-04-02,59.126953125,59.18006218576405,57.1884834576866,58.01891202578832,165934000,0.016686560121185634
2020-04-03,58.27722930908203,59.31284887197434,57.68820408379941,58.61278008138311,129880000,-0.01437117542859978
2020-04-06,63.36117935180664,63.51567376682207,60.201208300554335,60.568138982385115,201820400,0.0872373327112228
2020-04-07,62.62730407714844,65.58932954032026,62.52350234713508,65.37206051111131,202887200,-0.011582411851639218
2020-04-08,64.23020935058594,64.54403084792533,63.06181768868783,63.4263318411564,168895200,0.025594352128952114
2020-04-09,64.69371795654297,65.19584133375365,63.899505790640596,64.86511973614601,161834800,0.007216364552496968
2020-04-13,65.96351623535156,66.07215077341053,64.17229875609489,64.77098217772529,131022800,0.01962784515896221
2020-04-14,69.29488372802734,69.58457092501276,67.12225185179103,67.59299170512948,194994800,0.05050318240752638
2020-04-15,68.66239166259766,69.1210568119712,67.74506136385055,68.17234288135833,131154400,-0.009127543498191448
2020-04-16,69.20796966552734,69.57249130619873,68.16027936470277,69.37453866907585,157125200,0.007945805406992301
2020-04-17,68.26891326904297,69.27074378183441,66.83497575491855,68.72516946310567,215250000,-0.013568616461698046
2020-04-20,66.85186767578125,67.99853426971617,66.83255863780644,67.09810395402242,130015200,-0.020756820716879454
2020-04-21,64.78546142578125,66.92912586019385,64.07573448825138,66.69496415132106,180991600,-0.030910224677965226
2020-04-22,66.65152740478516,67.08605088562258,65.7100549516025,66.0504275035955,116862400,0.028803776926736635
2020-04-23,66.39320373535156,68.01543553598502,66.35457829164004,66.59598178954948,124814400,-0.0038757351780516203
2020-04-24,68.30994415283203,68.31960235496462,66.86876505886688,66.91704870248016,126161200,0.02886952744622384
2020-04-27,68.35823059082031,68.68895219864656,67.58091104598891,68.02750161594408,117087600,0.0007068727487209436
2020-04-28,67.25017547607422,69.0003506347447,67.15844834573424,68.81929803212363,112004800,-0.016209534757836375
2020-04-29,69.45902252197266,69.92734583940624,68.53203408860236,68.73481211774124,137280800,0.032845223529331724
2020-04-30,70.92436218261719,71.1005894315717,69.6087172156617,69.99737340670072,183064000,0.021096462452822262
2020-05-01,69.78251647949219,72.17965163700352,69.00519685948858,69.1017567929507,240616800,-0.01609948497224345
2020-05-04,70.76985931396484,70.89780288941466,69.11866006272429,69.80666159250394,133568000,0.014148856823797962
2020-05-05,71.83202362060547,72.66245223551824,71.08367131021836,71.2285148811078,147751200,0.01500871016188432
2020-05-06,72.57312774658203,73.2031872790944,72.14825527383692,72.53208591439893,142333600,0.010317182902862987
2020-05-07,73.32388305664062,73.6690955962119,72.8966015934725,73.1983559121912,115215200,0.010344811273397925
2020-05-08,75.06913757324219,75.12239040799929,73.65552559886389,73.98230402182824,133838400,0.023801992527501703
2020-05-11,76.25037384033203,76.74416477518758,74.36958632362644,74.57775917368724,145946400,0.01573531154447272
2020-05-12,75.37897491455078,77.3832066763356,75.25794640867731,76.93297679324957,162301200,-0.011428126603102995
2020-05-13,74.46883392333984,76.47791143801962,73.39410026175051,75.55809041384309,200622400,-0.012074202285752289
2020-05-14,74.92631530761719,74.98682954910396,72.98743664654351,73.70876906438306,158929200,0.006143259672204415
2020-05-15,74.48335266113281,74.52934407916516,72.66792527667609,72.70181680027588,166348400,-0.005911976915797146
2020-05-18,76.23826599121094,76.61103581678174,75.11512542110488,75.80498930633232,135178400,0.023561148463096426
2020-05-19,75.79773712158203,77.0999976554672,75.76626852775506,76.25522103808397,101729600,-0.00577831701575815
2020-05-20,77.27184295654297,77.3420341535439,76.61586330214624,76.65459330065981,111504800,0.019447887112994167
2020-05-21,76.69573974609375,77.6736518116283,76.45852129538247,77.13386219842414,102688800,-0.007455538633564296
2020-05-22,77.18955993652344,77.27185842972254,76.33267609193112,76.43433589476804,81803200,0.00643869127626262
2020-05-26,76.66669464111328,78.48453717513182,76.61101888750217,78.30541740950063,125522000,-0.0067737825664524465
2020-05-27,77.0007553100586,77.14599099987917,75.78563172544763,76.52391007078806,112945200,0.004357311483286219
2020-05-28,77.03462982177734,78.29090607267398,76.4004417495467,76.67638285095582,133560800,0.0004399244083042042
2020-05-29,76.95958709716797,77.73658783652532,76.60376308600569,77.27668110998019,153532400,-0.0009741427301330763
2020-06-01,77.90606689453125,78.02709542555057,76.78291858091427,76.91363146277382,80791200,0.012298400148226696
2020-06-02,78.26669311523438,78.2909002875674,77.19922108217762,77.63976650286615,87642800,0.0046289876395806395
2020-06-03,78.69754791259766,78.95897353375568,78.01494559700772,78.58620379313693,104491200,0.00550495722016664
2020-06-04,78.01981353759766,78.81859867793425,77.64704369151033,78.52087329742372,87560400,-0.008611886811933478
2020-06-05,80.24188995361328,80.30240419943048,78.2400813612976,78.26912701737099,137250400,0.028480924463435198
2020-06-08,80.71632385253906,80.75021537775042,79.23009773769596,79.93932296340279,95654400,0.005912546416841025
2020-06-09,83.26518249511719,83.6573136410901,80.36534445233356,80.39681304328083,147712400,0.03157798225839237
2020-06-10,85.40740203857422,85.87457033611071,83.77351707727777,84.21163971297698,166651600,0.025727674872779493
2020-06-11,81.30695343017578,84.97653882509627,81.20529361612985,84.5529390302518,201662400,-0.04801045940428528
2020-06-12,82.00890350341797,84.18741636682982,80.90028576320306,83.44188410385023,200146000,0.008633333849422886
2020-06-15,83.02310180664062,83.67423552165188,80.50328834719761,80.66546973617807,138808800,0.012366929197881404
2020-06-16,85.22341918945312,85.49452921505798,83.44188334314991,85.07334504214955,165428800,0.026502471419786344
2020-06-17,85.10480499267578,86.02704141186865,84.98377651365317,85.96652717235735,114406400,-0.0013918028390020876
2020-06-18,85.13871002197266,85.55504835135272,84.53114459703605,85.06125001022909,96820400,0.0003983914809486677
2020-06-19,84.65216064453125,86.30782937031772,83.54595856056092,85.84308414219812,264476000,-0.005714784465442824
2020-06-22,86.86697387695312,87.00978658675993,84.99829398313842,85.04428539322777,135445200,0.026163694057641962
2020-06-23,88.72112274169922,90.13715720348478,87.68995789692363,88.10871902854637,212155600,0.02134469271799988
2020-06-24,87.155029296875,89.26818923809188,86.78225950639512,88.35079128217394,192623200,-0.017651866843296227
2020-06-25,88.31208038330078,88.3508103921037,86.55232854521968,87.30996818337783,137522400,0.013275781050850588
2020-06-26,85.59860229492188,88.42824869367755,85.4509437109353,88.20797597788908,205256800,-0.03072601252967433
2020-06-29,87.57137298583984,87.6657787527797,85.02977472321102,85.50662726415537,130646000,0.023046762891302475
2020-06-30,88.3023910522461,88.58802392767775,87.14052040168764,87.15988171149978,140223200,0.008347683055334176
2020-07-01,88.13538360595703,88.92206897093759,88.08697663107799,88.37986357552768,110737200,-0.0018913128432757054
2020-07-02,88.13538360595703,89.67487019220228,88.02162389084378,89.04068194142937,114041600,0.0
2020-07-06,90.49300384521484,90.9601720457748,89.52961440129422,89.56108299075036,118655600,0.026749985565371226
2020-07-07,90.21221923828125,91.6476154008952,90.10087509241899,90.87061453958542,112424400,-0.0031028322080440818
2020-07-08,92.31327056884766,92.34473915860562,91.10056271828748,91.18770707353977,117092000,0.023290096932620852
2020-07-09,92.71024322509766,93.2572869587544,91.66455533300416,93.20403412942578,125642800,0.004300277238622252
2020-07-10,92.87242126464844,92.93051996359854,91.69602787555728,92.30600881208682,90257200,0.0017493001194810454
2020-07-13,92.4439697265625,96.77921054368312,92.2309584307968,94.17467542417103,191649200,-0.004613334424274584
2020-07-14,93.97376251220703,94.16498216403883,90.89479813530977,91.82671138557991,170989200,0.016548324246237645
2020-07-15,94.62006378173828,96.09418977539168,93.42430181349536,95.84487140313816,153198000,0.006877465073799716
2020-07-16,93.45579528808594,94.31025628529977,92.85791414474407,93.49452529827339,110577600,-0.012304668239687344
2020-07-17,93.26697540283203,94.06092201052024,92.79496133182224,93.90600938284572,92186800,-0.002020419222498182
2020-07-20,95.23245239257812,95.37042661004409,93.010371636826,93.35409571397072,90318000,0.02107366494149665
2020-07-21,93.91812133789062,96.09663446170768,93.66880290920021,96.02159737840238,103433200,-0.013801293799191594
2020-07-22,94.18196105957031,94.86214066616996,93.53325004616464,93.62038702393836,89001600,0.0028092525480836184
2020-07-23,89.89512634277344,93.99314942038049,89.08665688068213,93.91568941051719,197004400,-0.04551651578039917
2020-07-24,89.67243957519531,90.01616378626149,86.31268703007238,88.0966534330444,185438800,-0.002477183988028542
2020-07-27,91.79769134521484,91.88967418415685,90.50995376100627,90.73264205708286,121214000,0.023700166741168927
2020-07-28,90.2896728515625,91.54594911832494,90.2848269844815,91.36924487069622,103625600,-0.016427629840725322
2020-07-29,92.0204086303711,92.20437435144164,90.73508629119527,90.77139337114475,90329200,0.019168701404577604
2020-07-30,93.13384246826172,93.23792519284922,90.78830982976133,91.19496376791191,158130000,0.012099857569238592
2020-07-31,102.88390350341797,103.03397765297315,97.62157959922047,99.61613418906329,374336800,0.10468870151555154
2020-08-03,105.47633361816406,108.09054616095987,104.4645371706777,104.76226254133908,308151200,0.02519762593047381
2020-08-04,106.18071746826172,107.26997389606046,104.94380243901392,105.6651349105181,173071600,0.006678122247286256
2020-08-05,106.56559753417969,106.88511455690511,105.43761099297775,105.90236369757778,121776800,0.0036247642236266753
2020-08-06,110.28357696533203,110.77737527223312,106.30900549573542,106.89720218347466,202428800,0.03488911541043849
2020-08-07,107.77621459960938,110.26177241107233,106.98083639595373,109.80588355038324,198045600,-0.022735591596841798
2020-08-10,109.34270477294922,110.35875275642206,106.69710077257369,109.21903076531765,212403600,0.014534655713780431
2020-08-11,106.09085083007812,109.10504168444446,105.8313811445449,108.60793322925056,187902400,-0.029740017403297125
2020-08-12,109.61673736572266,109.8737798216829,106.98568204543375,107.17967383850515,165598000,0.03323459570789766
2020-08-13,111.5566635131836,112.55816241863091,110.5066629686095,110.9940770606822,210082000,0.017697353470653043
2020-08-14,111.45726013183594,111.54698151987802,109.65068105796512,111.38208775805406,165565200,-0.0008910573175748837
2020-08-17,111.166259765625,112.60182410704658,110.54062998121614,112.57757328432733,119561600,-0.00261086954646772
2020-08-18,112.09257507324219,112.51693852673742,110.58426581680665,110.91890789561272,105633600,0.00833270193285407
2020-08-19,112.23321533203125,113.64452867430332,112.13864675565405,112.49995954797271,145538000,0.001254679524465896
2020-08-20,114.72364044189453,114.837612647254,112.25747906222769,112.27445537799255,126907200,0.022189733248714205
2020-08-21,120.63562774658203,121.1181872782855,115.66935990258521,115.68148161330981,338054800,0.0515324241971018
2020-08-24,122.07846069335938,124.91806397068724,120.2161130032418,124.83318239328597,345937600,0.01196025563698555
2020-08-25,121.07696533203125,121.42130925505194,119.35768781992573,120.95329871627834,211495600,-0.00820370240286461
2020-08-26,122.7234878540039,123.17937664467517,121.32672345710665,122.39127306939878,163022400,0.013598974152163157
2020-08-27,121.25640869140625,123.65709200762272,120.11425938434616,123.32487721481381,155552400,-0.011954347030479928
2020-08-28,121.05998229980469,122.64588380173389,120.83688511649021,122.2287948592591,187630000,-0.0016199258556425233
2020-08-31,125.1654052734375,127.06656032182518,122.2166916072517,123.7492518971319,225702700,0.03391230442662496
2020-09-01,130.15103149414062,130.75242510254097,126.61063429258002,128.77367095981276,151948100,0.039832301983215634
2020-09-02,127.45449829101562,133.83692501161136,123.18662126963814,133.4586359792648,200119000,-0.020718492755444684
2020-09-03,117.25040435791016,124.97139321089942,116.88181705951085,123.09935129507485,257599600,-0.08006068102678154
2020-09-04,117.32801055908203,119.98573625952378,107.56037630423063,116.46473461185484,332607200,0.0006618842945307346
2020-09-08,109.43243408203125,115.41717011939836,109.2966383541402,110.52850171438395,231366600,-0.06729489777784026
2020-09-09,113.79732513427734,115.56267714207601,111.79918148817357,113.73912907477926,176940500,0.039886630402227397
2020-09-10,110.08230590820312,116.88182317054356,109.12203408038299,116.74602745349068,182274400,-0.03264592750041018
2020-09-11,108.63704681396484,111.77006490232608,106.69709954942977,111.12987875287997,180860300,-0.013128895532434348
2020-09-14,111.89615631103516,112.44904097306566,109.41302623599448,111.27537379227499,140150100,0.029999982442926232
2020-09-15,112.07076263427734,115.26197700807842,110.19871308977739,114.77699015613865,184642000,0.0015604318235635795
2020-09-16,108.76313781738281,112.51693833812011,108.67584374495958,111.7700619173575,154679000,-0.029513717397358752
2020-09-17,107.02690124511719,108.83105303274593,105.44584667867372,106.42552224944927,178011000,-0.015963465261372156
2020-09-18,103.63196563720703,107.55065948223604,102.90448550905262,107.08507634439113,287104900,-0.03172039523161507
2020-09-21,106.77470397949219,106.88140167582651,100.0042844680874,101.40104892896447,195713800,0.030325955152555872
2020-09-22,108.45277404785156,109.47124955280064,105.88234925973728,109.29665396338974,183055400,0.015715988954478233
2020-09-23,103.90357971191406,108.74374613747926,103.56408301527631,108.2684611226227,150718700,-0.041946316042873244
2020-09-24,104.97056579589844,106.93961142539536,101.847248976567,102.01214274645399,167743300,0.010269002155101292
2020-09-25,108.90863800048828,109.0638373334494,104.43705897382922,105.17424100477153,149981400,0.037515966259026534
2020-09-28,111.50816345214844,111.85735453793174,109.39362072171006,111.5566650919616,137672400,0.0238688638420812
2020-09-29,110.66429901123047,111.84766814275456,110.1599159291002,111.11049343812664,99382200,-0.007567736879462661
2020-09-30,112.3326644897461,113.73913095345405,110.20842687953865,110.3733206510487,142675200,0.01507591421463128
2020-10-01,113.2832260131836,114.18530182393523,112.35205217632898,114.10770215411938,116120400,0.008462022402435432
2020-10-02,109.62643432617188,111.90587864952262,108.85045973551675,109.5003403977725,144712000,-0.03228008078253486
2020-10-05,113.0019302368164,113.14742776439395,110.14051092914185,110.4897020352033,106243800,0.030790893924374174
2020-10-06,109.76222229003906,112.63334341918222,108.87954271233731,112.22594886007512,161498200,-0.028669492105028116
2020-10-07,111.62456512451172,112.08045390652613,110.70308575226879,111.1783781507114,96849000,0.016967065677219395
2020-10-08,111.51786804199219,112.90493061170089,111.1492733309645,112.7594330889432,83477200,-0.000955856646791986
2020-10-09,113.45780944824219,113.48690747123634,111.46936067345082,111.81855175000258,100506900,0.01739578993313895
2020-10-12,120.66471862792969,121.42129686008033,115.69845107798898,116.45502931013961,240226800,0.06352060924440095
2020-10-13,117.46380615234375,121.62499394990238,116.05734733652297,121.50859444916024,262330500,-0.026527327225251085
2020-10-14,117.5511245727539,119.33587277286527,116.02826603667377,117.36682718675729,150712000,0.000743364473452468
2020-10-15,117.08551788330078,117.56080289760202,114.60238771843201,115.15527240046332,112559200,-0.003960886730309032
2020-10-16,115.4462661743164,117.90030584427576,115.24257258596,117.63840880188037,115393800,-0.014000465118309657
2020-10-19,112.49755096435547,116.80422908289772,112.1871596819352,116.35804207693808,120639300,-0.025541884615900567
2020-10-20,113.98160552978516,115.40746797741103,112.15805033404632,112.71093501778782,124423700,0.013191883313974584
2020-10-21,113.36082458496094,115.14557257156684,112.9534300225298,113.16682541230045,89946000,-0.005446325676312758
2020-10-22,112.2744369506836,114.49567723930029,111.14926409518415,113.92338900408984,101988000,-0.009583448587771382
2020-10-23,111.58576965332031,113.05043193781697,110.84858760677534,112.89523260157101,82572600,-0.006133785357265054
2020-10-26,111.59546661376953,113.05042702646372,109.49061825916863,110.58669317293085,111850700,8.690140758393916e-05
2020-10-27,113.09893798828125,113.7585204355671,111.10079442752371,112.02226653167769,92276800,0.013472512998357056
2020-10-28,107.86107635498047,111.96406850952522,107.76408046155812,111.59548115439539,143937800,-0.04631220881882647
2020-10-29,111.85735321044922,113.41901126991604,108.83103296967955,108.99593410290058,146129200,0.03705022229072363
2020-10-30,105.59134674072266,108.62736202117581,104.4855772187525,107.72528610585144,190272600,-0.056017832443591375
2020-11-02,105.50403594970703,107.356689266343,104.09757704674024,105.83383085542181,122866900,-0.0008268744902933944
2020-11-03,107.12390899658203,108.14237704788208,105.46525468419668,106.3673306155269,107624400,0.01535365952869494
2020-11-04,111.49846649169922,112.11924902667879,108.97653651830575,110.71279021468385,138235500,0.04083642518363262
2020-11-05,115.45596313476562,116.02825144019144,113.36082388514865,114.40838980980128,126387100,0.03549373159639857
2020-11-06,115.32479095458984,115.8203256136095,112.83736946099638,114.96527887670223,114457900,-0.0011361230430573244
2020-11-09,113.02198028564453,118.53121707167843,112.75963885381937,117.083465097586,154515300,-0.01996804546432751
2020-11-10,112.6819076538086,114.25597110360664,110.89407325748324,112.27381767890381,138023400,-0.003008907037166164
2020-11-11,116.10208892822266,116.23811890460102,113.13857025646223,113.86730544980823,112295000,0.030352532590430137
2020-11-12,115.83004760742188,117.1126214574974,115.20819406878398,116.22842646880996,103162300,-0.0023431216725907644
2020-11-13,115.8786392211914,116.27701069114,114.52805029862242,116.0535360017511,81581900,0.0004195078459625634
2020-11-16,116.88914489746094,117.55957633149036,114.80010222486767,115.54826720324448,91183000,0.008720379209326667
2020-11-17,116.00493621826172,117.24864320805052,115.58712770640344,116.16040329852451,74271000,-0.007564506353219369
2020-11-18,114.68350219726562,116.42275133775613,114.65435397133162,115.24705927558566,76322100,-0.01139118785867732
2020-11-19,115.2762222290039,115.68431227037438,113.49810608907285,114.25598971249795,74113000,0.005168311225085764
2020-11-20,114.01306915283203,115.40252482669361,113.96449124482857,115.27621337018954,73604300,-0.0109576203292171
2020-11-23,110.62200164794922,114.28511473034199,110.52483843743296,113.85758770837712,127959300,-0.02974279641869093
2020-11-24,111.90458679199219,112.56530706965945,109.39773567263003,110.68031687022992,113874200,0.01159430425174146
2020-11-25,112.74020385742188,113.43979090606146,111.90458681744444,112.27381743371453,76499200,0.007467228014370164
2020-11-27,113.2843246459961,114.15880846315034,112.92481998616722,113.26489496698315,46691300,0.004826324327587228
2020-11-30,115.6745834350586,117.54014397849063,113.49808872130923,113.65355580646789,169410200,0.021099642837010713
2020-12-01,119.24054718017578,119.96928259001577,116.60738412219025,117.57903133531022,127728200,0.030827547757015905
2020-12-02,119.59033203125,119.87211059203429,117.46242241782213,118.56038101970898,89004200,0.0029334388288715374
2020-12-03,119.45429229736328,120.27047227200518,118.74498667961886,120.0178419599632,78967600,-0.0011375479236162
2020-12-04,118.78386688232422,119.37657225081612,118.07456118438024,119.12394191020984,78260400,-0.005612401213429319
2020-12-07,120.24132537841797,121.03807568238211,118.78385476777048,118.84215122001115,86712000,0.012269835410709584
2020-12-08,120.85346984863281,121.43646406909802,119.60004413555974,120.84375871454999,82225500,0.0050909657581394985
2020-12-09,118.3271713256836,122.37893756571138,117.56928784632052,120.99920059491815,115089200,-0.020903814562489353
2020-12-10,119.74578857421875,120.35793100204793,116.74340254220034,117.08347755039478,81312200,0.011988939080023853
2020-12-11,118.93931579589844,119.2793907717679,117.13205173775964,118.95874547462877,86939800,-0.006734873835003041
2020-12-14,118.3271713256836,119.85265683014165,118.09397811966689,119.12392157489586,79184500,-0.005146695742434648
2020-12-15,124.25421905517578,124.27365614702585,120.610542706532,120.81458769248664,157243700,0.05009033566076382
2020-12-16,124.18619537353516,124.73031529802184,122.97163667560737,123.79754252066066,98208600,-0.0005474557094147237
2020-12-17,125.05097198486328,125.90602613060179,124.40968137555939,125.24529842903367,94359800,0.006963548635393835
2020-12-18,123.0688247680664,125.43964605507787,122.5441344465272,125.30361605465058,192541500,-0.01585071419546269
2020-12-21,124.59429168701172,124.67202522679207,119.94982017477122,121.47530568083864,121251600,0.012395234307471359
2020-12-22,128.140869140625,130.5991359779056,125.97408467443432,127.87852018048073,168904800,0.02846500755044623
2020-12-23,127.24691009521484,128.67521768491736,127.07200590849821,128.4128836440795,88223700,-0.0069763772589142015
2020-12-24,128.22825622558594,129.67601559807733,127.38292807699283,127.59669160383469,54930100,0.0077121411406908535
2020-12-28,132.81443786621094,133.44600251933943,129.72459253226933,130.19099379190865,124486200,0.035765764704440484
2020-12-29,131.0460205078125,134.85487480481046,130.53104880605997,134.1358655444837,121047300,-0.01331494818492418
2020-12-30,129.92864990234375,132.13429294527648,129.61771571736733,131.7359140805847,96452100,-0.00852655121566348
2020-12-31,128.92784118652344,130.9197204767935,127.98534242224186,130.27842990655225,99116600,-0.007702756217143336
2021-01-04,125.74085235595703,129.82176713240116,123.16598610776015,129.7343224533574,143301900,-0.024719166948244387
2021-01-05,127.29547119140625,128.0047841932833,124.78862009202955,125.2355842462787,97664900,0.012363673430877409
2021-01-06,123.01052856445312,127.33436285992687,122.79676500387103,124.09877604874403,155088000,-0.03366139098939447
2021-01-07,127.20805358886719,127.89792964576662,124.23481543686934,124.720639051932,109578200,0.03412329882165088
2021-01-08,128.3059539794922,128.8695108634262,126.53754980995937,128.6751696560229,105158200,0.008630745928818184
2021-01-11,125.32303619384766,126.47929859092635,124.85664974689551,125.527088604103,100384500,-0.023248475173032968
2021-01-12,125.14814758300781,126.01291289609365,123.26314986487158,124.85665049211372,91951100,-0.0013955025041790803
2021-01-13,127.17887115478516,127.72299108513502,124.84692436009828,125.10925836684517,88636800,0.016226557172413614
2021-01-14,125.25502014160156,127.2857588427231,125.10926419379747,127.09143240514113,90221800,-0.015127127609445012
2021-01-15,123.53520202636719,126.52787663913662,123.39917203606663,125.1287025525268,111598500,-0.013730532423292141
2021-01-19,124.20565032958984,125.0607045202907,123.34088500532488,124.15706500945309,90757300,0.005427184253760764
2021-01-20,128.2865753173828,128.7335395413519,124.90524730001776,125.01212908230433,104319500,0.03285619435962772
2021-01-21,132.9893341064453,135.7099489572785,129.80233279797613,130.00638521290585,120150900,0.036658230040265805
2021-01-22,135.12696838378906,135.88485193048166,131.19179469063414,132.4160646907934,114459400,0.016073727203061106
2021-01-25,138.86778259277344,140.97625472972098,132.66867020571667,139.01353853335786,157611700,0.0276836981819919
2021-01-26,139.1009979248047,140.20867499016745,137.36174136904043,139.52852500725305,98390600,0.0016794056020550396
2021-01-27,138.03221130371094,140.20870656534407,136.42899920964183,139.363363343346,140843800,-0.007683529500424724
2021-01-28,133.20306396484375,137.96414245615455,132.82412228395296,135.56417353512813,142621100,-0.03498565511090501
2021-01-29,128.21856689453125,132.86303917443942,126.51818434944722,131.97883669271752,177523800,-0.0374202884073902
2021-02-01,130.33673095703125,131.54157860190338,127.21773749244758,129.9577892114423,106239800,0.01651994803718515
2021-02-02,131.1626434326172,132.4452098565485,130.79341280132044,131.8816527763116,83305400,0.006336759173883433
2021-02-03,130.1424102783203,131.92052618668296,129.82176496768204,131.9108002272906,89880900,-0.007778382072796575
2021-02-04,133.49456787109375,133.50427900274144,130.77395356806818,132.43547630144383,84183100,0.025757611109280765
2021-02-05,133.08102416992188,133.7232731231055,132.20524094162676,133.65516390896917,75693800,-0.003097831677849272
2021-02-08,133.22702026367188,133.27567819524438,131.29054743428753,132.37068818260687,71297200,0.0010970466650721544
2021-02-09,132.35121154785156,134.1709170758531,132.1955269668042,132.9448026300194,76774200,-0.006573806980648356
2021-02-10,131.74786376953125,133.3048279995829,130.7844904817518,132.80853804149436,73046600,-0.004558687232735892
2021-02-11,131.49485778808594,132.72095704438246,130.17144270344224,132.24413324277845,64280000,-0.001920380142845457
2021-02-12,131.72837829589844,131.8840776657095,130.09357945780974,130.7358282220485,60145100,0.0017758907971050508
2021-02-16,129.6070556640625,132.35118706954955,129.2178071626484,131.84518629017936,80576300,-0.016103763359713308
2021-02-17,127.32027435302734,128.6631557746567,125.98713342468182,127.71924852152779,97918500,-0.01764395695372034
2021-02-18,126.22068786621094,126.50288006540657,123.98255701846796,125.7243978338029,96856700,-0.008636381694933526
2021-02-19,126.37637329101562,127.19378780631597,125.33516499223074,126.7364300489586,87668800,0.0012334382535588162
2021-02-22,122.6104736328125,126.23040308983671,122.22123254914695,124.56639727156255,103916400,-0.029799080003119927
2021-02-23,122.47423553466797,123.30136816472337,115.20518512538801,120.43072920624994,158273000,-0.0011111456803644115
2021-02-24,121.97796630859375,122.1823162213377,118.94190197736167,121.57899955251936,111039900,-0.0040520295873472945
2021-02-25,117.73523712158203,123.05808944115938,117.29734557401017,121.32597453863157,148199500,-0.03478275065086733
2021-02-26,117.99799346923828,121.49141551253575,117.93960247752109,119.29220956982277,164560400,0.0022317562191249696
2021-03-01,124.35233306884766,124.48856634693102,119.4868376397081,120.42101187120407,116307900,0.05385125130340396
2021-03-02,121.75415802001953,125.25731317881322,121.6471165286429,124.95565484356455,102260900,-0.020893657438575297
2021-03-03,118.77645874023438,122.32827149061751,118.56237577745944,121.45248092660913,112966300,-0.024456653704553966
2021-03-04,116.89838409423828,120.27503892466773,115.42900990064756,118.47480719948628,178155000,-0.015811842396341036
2021-03-05,118.15367889404297,118.65969453198089,114.40724922583529,117.72552038212189,153766600,0.010738341761787895
2021-03-08,113.22981262207031,117.74499188213018,113.08384627126932,117.67687524164398,154376600,-0.04167340634723904
2021-03-09,117.83256530761719,118.77647261328785,115.59444185391254,115.8279835568737,129525800,0.040649653823146226
2021-03-10,116.7524185180664,118.88350022910564,116.23666982400522,118.4164168777091,111943300,-0.009166793464361223
2021-03-11,118.67915344238281,119.89552719538874,117.99798711036199,119.24355264557505,103026500,0.016502741003333155
2021-03-12,117.774169921875,117.91040318694742,115.95447955662657,117.16112022904915,88105100,-0.007625463228023155
2021-03-15,120.65455627441406,120.66428934425417,117.18059275719496,118.14396621912681,92403800,0.02445685972102174
2021-03-16,122.19205474853516,123.79766976227535,121.36492199120141,122.31855495993447,115227900,0.012742978977306363
2021-03-17,121.4038314819336,122.47423888090718,119.04892629520441,120.71293209328559,111932600,-0.006450691644589224
2021-03-18,117.2876205444336,119.86633436304555,117.08327064661763,119.57440169521924,121229700,-0.03390511557382392
2021-03-19,116.76216888427734,118.16343408346621,116.46051051329101,116.67459352140682,185549500,-0.00448002660227198
2021-03-22,120.0707015991211,120.53779245026008,117.02490398115997,117.09302062360135,111912300,0.028335656544054233
2021-03-23,119.24353790283203,120.89780303273159,118.85429686516294,120.0122869105858,95467100,-0.006888971957961121
2021-03-24,116.8594741821289,119.59388786129526,116.84001546562122,119.51603814694975,88530500,-0.019993232024412277
2021-03-25,117.34600830078125,118.38723138862223,115.79878440882977,116.32425877519718,98844700,0.004163411841936471
2021-03-26,117.94933319091797,118.21207408800578,115.72093550893463,117.11246742653448,94071200,0.005141418092299066
2021-03-29,118.12449645996094,119.28248673827066,117.48225492917581,118.3775042989523,80819200,0.0014850721433028458
2021-03-30,116.6745834350586,117.16113298447573,115.66255948137214,116.87893335491496,85671900,-0.012274448301193841
2021-03-31,118.86407470703125,120.19721592621612,117.8909754583845,118.37752508270788,118323800,0.018765794635910105
2021-04-01,119.69115447998047,120.83941138090094,119.19487200459282,120.33340326273564,75089100,0.006958198050906139
2021-04-05,122.51316833496094,122.7661761594041,119.75929632134557,120.53777850848313,88651200,0.02357746374192149
2021-04-06,122.8148422241211,123.71009165590245,122.26990907854241,123.09704186712644,80171300,0.00246237929571258
2021-04-07,124.4593734741211,124.47883218903853,121.77361794195266,122.44505868103397,83466700,0.01339032986745159
2021-04-08,126.85321044921875,126.88240223692625,125.06271151102148,125.48113703370569,88844600,0.01923388257771852
2021-04-09,129.42214965820312,129.46106707973098,125.98711183634272,126.30823624511144,106686700,0.02025127468108323
2021-04-12,127.70953369140625,129.2762238665418,127.11594263503031,128.95509937555343,91420000,-0.013232788756173508
2021-04-13,130.813720703125,131.03754421397457,128.38097265896974,128.87726276289945,91266500,0.02430661926320732
2021-04-14,128.47825622558594,131.36836136344672,128.11821435701262,131.3099778007929,87222800,-0.01785336022082329
2021-04-15,130.88182067871094,131.36837019796266,130.04495491166549,130.22012045971883,89347100,0.018707947350287357
2021-04-16,130.5509490966797,131.0472241792983,129.6946173321828,130.68718234573052,84922400,-0.0025280178737998593
2021-04-19,131.21263122558594,131.82568818645717,129.7529831079371,129.91840811280696,94264200,0.005068382370902791
2021-04-20,129.52920532226562,131.88410306298763,128.26417368348118,131.38782793049364,94812300,-0.0128297549374351
2021-04-21,129.9087371826172,130.15201197134868,127.76792201144299,128.79940473993418,68847100,0.002930087152216432
2021-04-22,128.39068603515625,130.54122653689166,127.8749447465964,129.46108603950333,84566500,-0.011685520007226002
2021-04-23,130.7067108154297,131.48517841079726,128.60481267197497,128.60481267197497,78657500,0.01803888468700343
2021-04-26,131.0959014892578,131.426751593288,129.9671030596472,131.20294297565732,66905100,0.002977587542369653
2021-04-27,130.7747802734375,131.76734545845767,130.5023137282654,131.37809693084532,66015800,-0.002449513769479883
2021-04-28,129.98655700683594,131.38782184344353,129.50000754125335,130.69691506905932,107760100,-0.006027333901486687
2021-04-29,129.88925170898438,133.38268843991688,128.886960916459,132.79882309453924,151101000,-0.0007485797000258421
2021-04-30,127.92363739013672,129.9671369612886,127.54412926632877,128.23502143741464,109839500,-0.015133002099754878
2021-05-03,128.9745635986328,130.4634190600625,128.2836714700979,128.48801399046965,75135100,0.008215262088671071
2021-05-04,124.41070556640625,127.95279275381809,123.29164023246338,127.66086008438737,137564700,-0.035385721842248086
2021-05-05,124.65399932861328,126.94077328039651,124.52749169549318,125.72439941828402,84000900,0.001955569346700381
2021-05-06,126.24989318847656,126.25961883490083,123.71009630596178,124.44965376287253,78128300,0.01280258851267324
2021-05-07,126.92245483398438,127.94593245749884,126.2108752190309,127.54629547170842,78973300,0.005327225461519758
2021-05-10,123.64727783203125,126.26935540308767,123.60828686336556,126.14264776926625,88071200,-0.025804551339927095
2021-05-11,122.73101043701172,123.0819142652862,119.67028275042819,120.38185488141869,126142800,-0.007410332124450303
2021-05-12,119.6702880859375,121.4930768252382,119.16342036759427,120.28438654552215,112172300,-0.024938459645820754
2021-05-13,121.81475067138672,122.96495825371117,121.12267768901388,121.43459801116457,105861300,0.017919757859271135
2021-05-14,124.23211669921875,124.66100988052594,122.67251527187383,123.06241748790161,81918000,0.01984460842803215
2021-05-17,123.0819091796875,123.72524895126948,122.00968366381709,123.61802565600583,74244600,-0.009258535957461289
2021-05-18,121.6977767944336,123.78374532662899,121.62954445690447,123.36460169987382,63342900,-0.011245620046673177
2021-05-19,121.54182434082031,121.76601312715728,119.75802646818856,120.05045503106065,92612000,-0.0012814733162850311
2021-05-20,124.09563446044922,124.49528622037603,121.94143413208597,122.0681566104848,76857100,0.021011780376668288
2021-05-21,122.26314544677734,124.76825782596866,122.04869881375613,124.59280216593018,79295400,-0.014766748416568332
2021-05-24,123.89098358154297,124.70977916744965,122.7602750750988,122.82850742086036,63092900,0.013314217696732245
2021-05-25,123.69602966308594,125.08018314804377,123.13067172111496,124.59279971373591,72009500,-0.0015735924667085177
2021-05-26,123.64727783203125,124.17364475386753,123.22813421483384,123.75450113667013,56575900,-0.00039412607815692
2021-05-27,122.1169204711914,124.41733561849655,121.92197306010468,123.24763627844212,94625600,-0.012376797837140852
2021-05-28,121.46383666992188,122.62379382802953,121.4053539348129,122.39959761550023,71311100,-0.005348020558900379
2021-06-01,121.14216613769531,122.18515038351808,120.8107540580726,121.9219706400981,67637100,-0.002648282328679419
2021-06-02,121.9024658203125,122.07792145343016,120.9179717914318,121.14216055572481,59278900,0.0062760945000190915
2021-06-03,120.42082214355469,121.69774445084667,120.02117038940877,121.53203845185375,76229200,-0.012154337213668764
2021-06-04,122.71153259277344,122.97471980574441,120.72303755703825,120.93748419375007,75169300,0.019022544510516326
2021-06-07,122.72125244140625,123.13064641036082,121.67826831853665,122.98443215380105,71057600,7.920892541579683e-05
2021-06-08,123.54007720947266,125.21665942285128,123.02345979414304,123.40361251247118,74403800,0.006672232818495383
2021-06-09,123.92021942138672,124.52456834027448,123.32562010482052,123.99820136642403,56877900,0.003077076042857785
2021-06-10,122.92597961425781,124.95346562999302,122.76027355328648,123.81300009816206,71186400,-0.008023225037618986
2021-06-11,124.13465881347656,124.22239035571975,122.91621888119515,123.33536251537065,53522400,0.00983257732020193
2021-06-14,127.1856460571289,127.24412880162201,123.86174536220003,124.59280941543645,96906500,0.024578045106940838
2021-06-15,126.3668441772461,127.30261260822043,126.12315618593904,126.65927274152149,62746300,-0.006437848179149275
2021-06-16,126.86396789550781,127.58528973592168,125.21664949570912,127.07841452715692,91815000,0.003933972724399437
2021-06-17,128.46255493164062,129.20337594415264,126.37658632134162,126.52280804022224,96721700,0.012600796448756002
2021-06-18,127.16618347167969,128.18966142240936,126.95173678950768,127.4098715310989,108953300,-0.010091434509073682
2021-06-21,128.95968627929688,129.06690958900398,125.9477063159808,127.01018237446559,79663300,0.014103614330901237
2021-06-22,130.5972442626953,130.6947253937975,128.29682937988724,128.79396232556323,74783600,0.012698216246058935
2021-06-23,130.3243408203125,130.92869718078555,129.86620618552573,130.3925806003398,60214200,-0.002089656974950116
2021-06-24,130.04168701171875,131.24062798342803,129.57379527397197,131.05542269642876,68711000,-0.0021688489411465506
2021-06-25,129.74920654296875,130.50951172104854,129.45677804212312,130.09037560621056,70783700,-0.002249128533096001
2021-06-28,131.37704467773438,131.83517920756188,129.9831567614525,130.04163948891443,62111300,0.012546035371912234
2021-06-29,132.88790893554688,133.043872786454,130.95790461954863,131.39653993588485,64556100,0.011500214984426105
2021-06-30,133.50204467773438,133.94068011687085,132.439553660315,132.7319822442512,63261400,0.0046214568887932295
2021-07-01,133.80421447753906,133.86269721920397,132.33232940247316,133.15113240638843,52485800,0.002263409527053284
2021-07-02,136.4263153076172,136.46529884864614,134.27210654572147,134.41831341650158,78852600,0.019596548885373766
2021-07-06,138.43429565429688,139.5357553993497,136.53353205806397,136.53353205806397,108181800,0.014718423950335735
2021-07-07,140.91986083984375,141.23177365056304,139.05808151749494,139.91585290212097,104911600,0.0179548367967568
2021-07-08,139.62347412109375,140.42276298269945,137.11835448019005,138.0053823208354,105575500,-0.009199460679452098
2021-07-09,141.44619750976562,141.9725568005314,139.04830216098574,139.14578326504855,99890800,0.013054562638163958
2021-07-12,140.8516845703125,142.6257406086967,140.36430849913495,142.51851727809614,76299700,-0.004203103016693577
2021-07-13,141.962890625,143.73694652851253,140.00364432229037,140.39353920017592,100827100,0.007889192508257148
2021-07-14,145.3842315673828,145.79364043052715,143.95134516697595,144.3607540301203,127050800,0.024100248503817756
2021-07-15,144.7311553955078,146.21278242197315,143.37625087333885,145.47197634550716,106820300,-0.0044920701841885124
2021-07-16,142.6939239501953,145.97883295333372,142.19680585690423,144.71166743629377,93251400,-0.014075970303320973
2021-07-19,138.85337829589844,140.43248618215895,138.09307315098926,140.12055849525734,121434600,-0.026914570347349565
2021-07-20,142.45999145507812,143.38601770583355,139.35054523026795,139.83792120496685,96350000,0.025974255746906927
2021-07-21,141.72891235351562,142.44049190950972,140.97836414159778,141.85563485293181,74993500,-0.005131820478825655
2021-07-22,143.0935821533203,144.4582288663732,142.12857241610413,142.25529492286392,77338200,0.009628732607506185
2021-07-23,144.80914306640625,144.9651069434816,143.2105505102186,143.82464898024415,71447400,0.011989083558253233
2021-07-26,145.22828674316406,146.04707474588002,143.97084849928373,144.5264642055409,72434100,0.002894455887813674
2021-07-27,143.06434631347656,145.4427434254304,141.87514775749966,145.35500444699645,104818600,-0.0149002682481163
2021-07-28,141.3195343017578,143.25929604709813,138.94113715127986,141.15382825419624,118931200,-0.012195994716220904
2021-07-29,141.962890625,142.84991857675627,140.92965581242072,141.03687913486968,56699500,0.004552493938088098
2021-07-30,142.1773223876953,142.63545700170118,140.47150644681145,140.73469364228038,70440600,0.0015104775744652077
2021-08-02,141.8458709716797,143.23975875771586,141.58268384916155,142.6646588267022,62880000,-0.0023312537502415687
2021-08-03,143.63941955566406,144.30224361135603,141.51445299043982,142.12855135709023,64786600,0.012644348204837508
2021-08-04,143.23977661132812,144.05856456840556,142.5866946784069,143.55170433223327,56368300,-0.0027822651022414435
2021-08-05,143.34701538085938,144.107320690727,142.47948676454712,143.26903344221475,46397700,0.0007486661321891575
2021-08-06,142.66368103027344,143.61060825982952,142.16581806356817,142.86869219057516,54126800,-0.004766993918711049
2021-08-09,142.61485290527344,143.21034301067533,142.05841963396023,142.72223685529076,48908700,-0.0003422603752222253
2021-08-10,142.13650512695312,144.19631350606738,141.84363848192044,142.9565198163916,69023100,-0.0033541231405822547
2021-08-11,142.39036560058594,143.22990900393347,142.06821366601775,142.57584837162412,48493500,0.0017860328942664871
2021-08-12,145.34829711914062,145.50449471411517,142.37084563416195,142.71252601119096,72282600,0.020773396472987926
2021-08-13,145.55328369140625,145.88519235268876,144.74302556240244,145.42637130499,59375000,0.0014103128576565815
2021-08-16,147.52523803710938,147.59358006664493,142.9858555687735,145.00660783223563,103296000,0.013547989407672434
2021-08-17,146.6173095703125,148.07185618392833,145.54347021491796,146.65635150331968,92229700,-0.006154394182834588
2021-08-18,142.87844848632812,147.13473517673972,142.67343732669485,146.2366215497856,86326000,-0.025500816342502564
2021-08-19,143.21031188964844,144.47939059702847,141.06264825182848,141.58003947243648,86960300,0.002322697417532993
2021-08-20,144.66488647460938,144.9675098694575,143.28842371499448,143.93272733385453,60549600,0.010156912346380276
2021-08-23,146.14871215820312,146.61728977008812,144.37199908209297,144.78200635446908,60131800,0.010256985781094796
2021-08-24,146.06088256835938,147.27139120779157,145.60206158624175,145.89492826143862,48606400,-0.00060096040907065
2021-08-25,144.83084106445312,146.7442235104866,144.28416462153382,146.24634576040117,58991300,-0.008421430038467514
2021-08-26,144.0303497314453,145.57276688380205,144.00106455542348,144.82109417148567,48597200,-0.00552707784560591
2021-08-27,145.06512451171875,145.21155036889095,143.3372249180138,143.97175682684613,55802400,0.007184421770847882
2021-08-30,149.47763061523438,149.83883931473636,145.07491826892314,145.45564049048158,90956700,0.03041741506353013
2021-08-31,148.2183380126953,149.16526528048843,147.69117494824357,149.02859613337498,86453100,-0.0084246224492317
2021-09-01,148.8821258544922,151.293371319359,148.71617155840954,149.1945209265185,80313700,0.004478446126821467
2021-09-02,149.99502563476562,151.0395800272227,148.77476016459727,150.20979354918074,71115500,0.007475039558214824
2021-09-03,150.62954711914062,150.9516989362315,149.44832378980732,150.10238418360416,57808700,0.004230283515668454
2021-09-07,152.96270751953125,153.51914078415754,150.71741625258127,151.2836211735212,82278300,0.015489393980220978
2021-09-08,151.4202880859375,153.30437064554417,150.31716343749,153.24580029178898,74420200,-0.010083630569868163
2021-09-09,150.405029296875,152.39649574316758,150.2878736971047,151.7912489116524,57305700,-0.006704905940254857
2021-09-10,145.42633056640625,151.7814665359228,145.16274910531013,151.3128888573864,140893200,-0.03310194315804171
2021-09-13,145.99253845214844,147.8180505115286,145.21156570783384,147.04684942260073,102404300,0.0038934344525982656
2021-09-14,144.59658813476562,147.47642687466802,143.4153793726529,146.77355269563384,109296300,-0.009561792213376386
2021-09-15,145.4849395751953,145.88519025288556,142.88821089491876,145.0261185341006,83281300,0.00614365423063612
2021-09-16,145.2506561279297,145.4263821295721,143.71801019803328,144.9089906791146,68034100,-0.001610362199343185
2021-09-17,142.5855712890625,145.27992686740734,142.29270460935308,145.27992686740734,129868800,-0.018348177625579276
2021-09-20,139.53981018066406,141.39460787991925,137.909537174392,140.37935348466607,123478900,-0.021360934916926477
2021-09-21,140.01815795898438,141.16033974315945,139.38362576406158,140.50626423071614,75834000,0.0034280380466404914
2021-09-22,142.38055419921875,142.94674416241062,140.28168904837355,141.0138481925674,76404300,0.016872070556208874
2021-09-23,143.3372802734375,143.58133339351843,142.17558503852095,143.16155428115266,64838200,0.006719499580540411
2021-09-24,143.42510986328125,143.96202960944674,142.09746053449825,142.1950877231893,53477900,0.0006127477071993237
2021-09-27,141.91195678710938,142.48793328173883,140.39883985731234,142.0095839613355,74150700,-0.010550126666204251
2021-09-28,138.53433227539062,141.3067724570639,138.31956431384194,139.84245357149845,108972300,-0.023800845173220564
2021-09-29,139.43240356445312,141.0138627120859,138.6514307510702,139.08096654322168,74602000,0.006482662270874684
2021-09-30,138.1340789794922,140.94557595435964,137.91931102192194,140.2427017106428,89056700,-0.009311498272786989
2021-10-01,139.25668334960938,139.5202648503588,135.80089824481317,138.52452409983053,94639600,0.008126918269631744
2021-10-04,135.83018493652344,138.82716398233575,134.98088496397907,138.38785651091933,98322000,-0.02460562991065629
2021-10-05,137.75332641601562,138.8564511470798,136.0449547897289,136.17186716291496,80861100,0.014158424950911463
2021-10-06,138.62213134765625,138.76855721821823,135.0784763218966,136.15231569207103,83221100,0.00630696153947552
2021-10-07,139.88145446777344,140.7893396562003,139.32502120039112,139.65692980871162,61732700,0.00908457479245417
2021-10-08,139.50070190429688,140.75025218963773,139.16879336821262,140.60382633425183,58773200,-0.002721966002750431
2021-10-11,139.41290283203125,141.3653278052875,138.43669034540312,138.88575464341304,64452200,-0.0006293808638028198
2021-10-12,138.143798828125,139.84241361250955,137.68497785008697,139.82288519545196,73035900,-0.009103203348654887
2021-10-13,137.55809020996094,138.03642474342516,135.88876048394778,137.88024208325538,78762700,-0.004239847341195424
2021-10-14,140.34027099609375,140.45742659800283,138.14379338196727,138.7295267040612,69907100,0.020225497329064757
2021-10-15,141.3945770263672,141.453147377337,140.09621296187518,140.35003767716657,67940300,0.00751249817882127
2021-10-18,143.0639190673828,143.34701408719482,139.7545598847163,140.03765490452832,85589200,0.011806266379681185
2021-10-19,145.22134399414062,145.62159463310732,143.06392303976392,143.51297237963328,76378900,0.015080146977811237
2021-10-20,145.70947265625,146.1878221446277,144.59659100003023,145.16279603857302,58418800,0.0033612735475652133
2021-10-21,145.92422485351562,146.0804224119474,144.35252229936606,145.27016433537898,61421000,0.0014738382711207976
2021-10-22,145.1530303955078,146.60757740087539,145.1042167942401,146.12924283758312,58883400,-0.005284896724871868
2021-10-25,145.10423278808594,145.81686377851983,144.1084918165859,145.1432747359116,50720600,-0.0003361804248173117
2021-10-26,145.76800537109375,147.25183711393476,145.465367092144,145.77776213009912,60893400,0.004574453620365571
2021-10-27,145.30918884277344,146.168245431377,144.95775186240334,145.80705169170784,56094900,-0.0031475804800392693
2021-10-28,148.9407196044922,149.52643805425132,146.1585085567286,146.256135746264,100077900,0.02499174890892908
2021-10-29,146.2366180419922,146.373287179863,142.92725865743117,143.7179883048137,124953200,-0.018155555912987786
2021-11-01,145.41659545898438,146.1389830509936,144.28418557941234,145.44588063726485,74588300,-0.005607505110466482
2021-11-02,146.45140075683594,147.96453308347574,145.113979527006,145.12375118515345,69122000,0.007116143068714775
2021-11-03,147.8863983154297,148.35497602206758,146.25612565424197,146.8125588879088,54511500,0.009798455673198925
2021-11-04,147.36904907226562,148.8040677773685,147.056653914814,147.97429607005193,60394600,-0.003498288206739586
2021-11-05,147.8969268798828,148.79635114627666,146.7042085245969,148.49328605752575,65463900,0.0035820127152910164
2021-11-08,147.07569885253906,148.18043333239365,146.8019617116547,148.02400784687248,55020900,-0.00555270514857098
2021-11-09,147.43743896484375,148.0435691533501,146.70421118808,146.84107977637362,56787900,0.0024595505248448113
2021-11-10,144.61209106445312,146.77267581374304,144.54366421842147,146.6651351263565,65187100,-0.01916302887670429
2021-11-11,144.5631866455078,146.0882980655143,144.37743321812488,145.62882237351127,41000000,-0.00033817655622947473
2021-11-12,146.63580322265625,147.03662312152338,144.18192440007093,145.11067671997742,63804000,0.014337098020887007
2021-11-15,146.64556884765625,148.483531417499,146.08830852560698,147.00728981052836,59222800,6.659782116913426e-05
2021-11-16,147.6232147216797,148.1022623119589,146.0003334167105,146.5869216938867,59256200,0.006666726323241834
2021-11-17,150.05752563476562,151.53375230300938,147.61343285568483,147.6232038564801,88807000,0.016490027789161976
2021-11-18,154.33956909179688,155.12168178008048,149.627365877677,150.2726099643279,137827700,0.028536012698580526
2021-11-19,156.95962524414062,157.41911583313842,153.02952027938457,154.12446895909494,117305600,0.01697591983547264
2021-11-22,157.41908264160156,161.99441573216774,157.39952572857115,158.06431159606723,117467900,0.002927233017703035
2021-11-23,157.80043029785156,158.18170822428823,155.50297681960475,157.5169071447605,96041900,0.0024224995461206156
2021-11-24,158.31854248046875,158.5140669022848,156.0699743356913,157.1551520319611,69463600,0.0032833382116843612
2021-11-26,153.3032684326172,156.8618668141861,152.8633347292546,156.00155632601601,76959800,-0.03167837430331499
2021-11-29,156.65655517578125,157.58530732404222,155.23896961955737,155.8060008585356,88748200,0.021873550234435823
2021-11-30,161.60340881347656,161.8184901598309,156.34371666317804,156.41215841772612,174048100,0.03157769958712886
2021-12-01,161.0852508544922,166.49158221025922,160.85061260681175,163.73463874085127,152052500,-0.0032063553781989107
2021-12-02,160.09786987304688,160.52803264766237,154.27116024660182,155.19014164372396,136739200,-0.006129555475797188
2021-12-03,158.2207794189453,161.27101721338744,156.14819360952984,160.35203598315746,118023100,-0.011724643529548828
2021-12-06,161.62295532226562,164.12570364495514,160.60620449270007,160.61597549233863,107497000,0.021502712322708506
2021-12-07,167.35189819335938,167.74296195252498,164.5754126322905,165.29886939857903,120405400,0.035446343990373164
2021-12-08,171.16473388671875,172.02505945223345,166.88267789889346,168.28070694285483,116998900,0.02278334297083373
2021-12-09,170.65631103515625,172.7973384356804,170.03062395661757,170.9984899495763,108923700,-0.002970371524656401
2021-12-10,175.4369659423828,175.61294836881706,170.78341894665584,171.29179439045112,115402700,0.02801334962784785
2021-12-13,171.80996704101562,178.05706815750167,171.6046566651188,177.0696450374433,153237000,-0.020674085885402094
2021-12-14,170.4314727783203,173.76521877848376,168.35888695654498,171.33089709564845,139380400,-0.00802336608542753
2021-12-15,175.29029846191406,175.48582285763158,168.45661118755606,171.19399748026692,131063300,0.02850896964267635
2021-12-16,168.40774536132812,177.08916675225177,166.9315188519041,175.27076132354634,150185800,-0.03926374226626883
2021-12-17,167.31280517578125,169.59070130648584,165.89523442801953,166.12985777423478,195432700,-0.006501721065130472
2021-12-20,165.95388793945312,166.76532847471316,163.71510567618958,164.51676029378936,107499100,-0.008122015735140153
2021-12-21,169.1214599609375,169.3267554134747,165.33799395674112,167.72343104614094,91185900,0.019087061236191305
2021-12-22,171.71218872070312,171.92727008747283,168.30022969109157,169.1703261593658,92135300,0.015318746422624319
2021-12-23,172.33787536621094,172.8951357013555,171.35046721642092,171.9174985527305,68356600,0.0036438103210338912
2021-12-27,176.2973175048828,176.38530127238838,173.11022561335014,173.12976761664484,74919600,0.02297488076987264
2021-12-28,175.28054809570312,177.2749361221624,174.5375492742612,176.1311025117923,79144300,-0.005767356098038912
2021-12-29,175.36851501464844,176.59056116138325,174.15623986676752,175.31963018526795,62348900,0.0005018635547469064
2021-12-30,174.21493530273438,176.53194546765312,174.10739462067014,175.45653864701075,59773000,-0.006578032047643845
2021-12-31,173.59901428222656,175.22188041192248,173.29593427269404,174.1073747963206,64062300,-0.0035354088295445063
2022-01-03,177.93971252441406,178.79026689432098,173.73588518068755,173.85319685203027,104487900,0.025004164108505034
2022-01-04,175.68138122558594,178.84893075193062,175.1143499260673,178.54586564233023,99310400,-0.012691553036640268
2022-01-05,171.00828552246094,176.14088047095728,170.7345483186125,175.5934060632604,94537600,-0.026599834715122395
2022-01-06,168.15359497070312,171.37980064842037,167.80164498917833,168.83793801323478,96904000,-0.01669328794821967
2022-01-07,168.31979370117188,170.24574016447164,167.20528789803654,169.02369367342152,86709100,0.0009883745304268832
2022-01-10,168.33934020996094,168.64240533418686,164.40923476090865,165.29888813158135,106765600,0.00011612721450782182
2022-01-11,171.16473388671875,171.26248866253403,167.0000045144569,168.46646040973286,76138300,0.016783917967326367
2022-01-12,171.6046600341797,173.2177554801649,170.91054596180936,172.18146241376857,74805200,0.0025701915194289437
2022-01-13,168.33934020996094,172.6702655459411,167.94827640647682,171.84905393496265,84505800,-0.019028153568605766
2022-01-14,169.19967651367188,169.8937905683483,167.2639441267619,167.508353425533,80440800,0.005110726361633011
2022-01-18,166.0028076171875,168.68152412823068,165.62152968734614,167.67455895666092,90956700,-0.018894060333655927
2022-01-19,162.5126190185547,167.25416515581253,162.22911080921511,166.19831524532339,94815000,-0.021024876920644586
2022-01-20,160.83108520507812,165.88546757565922,160.50846314939517,163.24585020445963,91420500,-0.010347096881655582
2022-01-21,158.7780303955078,162.61036568511253,158.67048972769118,160.74307541554964,122848900,-0.012765286057433656
2022-01-24,158.00572204589844,158.67052310978175,151.24047430258736,156.44151145113545,162294600,-0.004864075638711496
2022-01-25,156.2068328857422,159.1201868610098,153.50856023591945,155.424720331175,115798400,-0.011384962119496467
2022-01-26,156.11886596679688,160.7137572085088,154.29068942101793,159.84366081362626,108275300,-0.0005631438607404116
2022-01-27,155.65933227539062,160.1760095115635,154.7403512978455,158.81709495813402,121954600,-0.002943485968595172
2022-01-28,166.5209197998047,166.5404767176366,159.1593140383979,162.0042414218655,179935700,0.06977793984878389
2022-01-31,170.87144470214844,171.08652609979308,165.71929199639752,166.3547651867335,115541600,0.026125996106519445
2022-02-01,170.70523071289062,170.93008309016165,168.45666218750117,170.11864243059435,86213900,-0.0009727429269855703
2022-02-02,171.90769958496094,171.94681342176997,169.45383589849953,170.84207875406224,84914300,0.007044124348437597
2022-02-03,169.03341674804688,172.29873538364427,168.27086114724798,170.57808486487306,89418100,-0.01671991914180393
2022-02-04,168.7495880126953,170.4234840013588,167.07569202403184,168.05457472378333,82465400,-0.0016791279547677673
2022-02-07,168.03497314453125,170.27660749223818,167.33995999905824,169.20962915449093,77251200,-0.004234765113087624
2022-02-08,171.13804626464844,171.64706939744136,167.80983647215697,168.1035042386361,74829200,0.018466829029979204
2022-02-09,172.55743408203125,172.91961588647231,171.20657123174874,172.3322952525055,71285000,0.008293818051351654
2022-02-10,168.4852752685547,171.7743215374217,167.92731993059743,170.4626223841964,90865900,-0.023598860490361195
2022-02-11,165.0787811279297,169.4250227899619,164.4914455219278,168.690860750742,98670700,-0.02021834926046362
2022-02-14,165.31370544433594,165.99892030677,163.04269054419584,163.83558309476697,86185500,0.0014231042584702536
2022-02-15,169.14111328125,169.29773807776493,166.654758116967,167.35955476472148,62527400,0.02315239275912795
2022-02-16,168.90621948242188,169.67953027359678,166.45901263665095,168.22100455291906,61177400,-0.0013887445475041504
2022-02-17,165.31370544433594,168.27971865617212,164.91235997613748,167.4182971510757,69589300,-0.02126928214422452
2022-02-18,163.76707458496094,166.93864489391834,162.68051421778296,166.23386310925557,82772700,-0.009355732818509543
2022-02-22,160.8500213623047,163.16996871038384,158.7258326412145,161.49607262837773,91162800,-0.017812208162410026
2022-02-23,156.68975830078125,162.6413518716535,156.37650867254357,162.04423283731927,90009200,-0.025864236922621853
2022-02-24,159.30335998535156,159.4110376690062,148.79015546543386,149.35790916683425,141147500,0.016680105406463364
2022-02-25,161.3688201904297,161.6331077669388,157.47285626304333,160.38013909716133,91974200,0.012965578411328282
2022-02-28,161.63307189941406,161.92673963359974,158.9998756125995,159.6165763607333,95056600,0.001637563617757909
2022-03-01,159.75364685058594,163.0818568508139,158.5496253630897,161.22197083806662,83474400,-0.011627725853021631
2022-03-02,163.04269409179688,163.82580321014547,159.50892707803538,160.91852050375005,79724800,0.020588245126492266
2022-03-03,162.7196502685547,165.3430634011942,162.05401727070716,164.91235266773373,76678400,-0.0019813449786367787
2022-03-04,159.72425842285156,162.05400359179123,158.67686189722227,161.01639051416453,83737200,-0.0184082982034407
2022-03-07,155.93601989746094,161.5352302369313,155.68150083148916,159.91028134097652,96418800,-0.023717364931266083
2022-03-08,154.11529541015625,159.44041971330986,152.50992837199067,155.4661583222758,131148300,-0.011676099521470085
2022-03-09,159.50889587402344,159.9591883833685,156.04365849416726,158.0699374448171,91454900,0.034997178245759875
2022-03-10,155.1724853515625,157.0029911685478,152.6861150001443,156.81700107101284,105342000,-0.027186010527498916
2022-03-11,151.46250915527344,155.91642822664025,151.23737032666907,155.57381332247203,96970100,-0.02390872446157999
2022-03-14,147.43931579589844,150.86540543880508,146.93030751756515,148.25179027503273,108732100,-0.026562304967829187
2022-03-15,151.81491088867188,152.28478532825997,147.20438184151632,147.713390079557,92964300,0.02967726124577652
2022-03-16,156.21986389160156,156.62120932527256,151.19820652447248,153.73350876565036,102300200,0.029015285633964494
2022-03-17,157.22813415527344,157.60011436017203,154.30128444798586,155.26058530967927,75615400,0.00645417451119723
2022-03-18,160.51715087890625,161.00659213717293,156.38626546421042,157.12042735161046,123511700,0.02091875440297919
2022-03-21,161.88760375976562,162.83712104497158,159.56764191840216,160.05708320205216,95811400,0.008537734898454774
2022-03-22,165.2549591064453,165.8422796739602,161.42752475473955,162.01484532225444,81532000,0.020800575636888752
2022-03-23,166.6156005859375,168.9942779440516,164.1096487837443,164.44248019289995,98062700,0.008233589399370134
2022-03-24,170.3941192626953,170.46263328488442,166.61563143205333,167.4476727675763,90131400,0.022678060538568356
2022-03-25,171.03038024902344,171.57855215101324,169.1019802060181,170.20812239603873,80546200,0.0037340548434492415
2022-03-28,171.89183044433594,172.01907505501657,168.3678462915148,168.53425457976377,90371900,0.005036825586531624
2022-03-29,175.1808624267578,175.22979461470234,172.61617948078282,172.95879441578631,100589400,0.01913431239820884
2022-03-30,174.0159454345703,175.8170856417981,172.96853399467147,174.77947258625517,92633200,-0.006649795965438576
2022-03-31,170.92269897460938,174.27047582290578,170.7171270473916,174.08448573079536,103049300,-0.017775649537380978
2022-04-01,170.62901306152344,171.18698327855927,168.30906622272897,170.35492714540266,78751300,-0.001718238214396317
2022-04-04,174.6717987060547,174.72074581921223,170.75626863844195,170.88352814533914,76468400,0.023693424535448537
2022-04-05,171.3631591796875,174.5347436924903,170.7366750096159,173.75163474576064,73401800,-0.018942036155104258
2022-04-06,168.20140075683594,169.963392443072,166.5373033062765,168.72020734548278,89058800,-0.0184506310340381
2022-04-07,168.50482177734375,169.69905954306716,166.26318757309542,167.54552117320154,77594700,0.0018039149444806224
2022-04-08,166.49813842773438,168.1524524173325,165.62693350816983,168.1524524173325,76575500,-0.01190875921794654
2022-04-11,162.2498016357422,165.4605355802755,162.00508096962494,165.14730089465874,72246700,-0.02551582157079857
2022-04-12,164.1194610595703,166.28278325109693,163.1209966207163,164.47185939466212,79265200,0.011523338734340083
2022-04-13,166.80160522460938,167.42808955183875,163.24827119923606,163.85517369033073,70618900,0.01634263327287866
2022-04-14,161.7994842529297,167.653212444084,161.55476362429968,167.0169298477089,75329400,-0.029988446243931488
2022-04-18,161.5841522216797,163.0818413516457,160.11582837374732,160.45842830966066,69023900,-0.0013308573401469292
2022-04-19,163.864990234375,164.27613419341577,160.4486984988594,161.53525910702695,67723800,0.014115480889278054
2022-04-20,163.69854736328125,165.31371275678185,162.59242008519655,165.19623667762264,67929800,-0.0010157317365697693
2022-04-21,162.9056854248047,167.90777748771538,162.40646053829403,165.34310914814608,87227800,-0.004843426843104681
2022-04-22,158.3734130859375,164.32502122927878,158.08954369720692,162.94480808191494,84882400,-0.027821449736689652
2022-04-25,159.4404296875,159.72429911751857,155.11376965466397,157.71758646013552,96046400,0.006737346760238738
2022-04-26,153.4888153076172,158.91181906878418,153.4105028966986,158.82372320771267,95623200,-0.037328138111192066
2022-04-27,153.263671875,156.41566043489684,152.09879906936447,152.61760570667977,88063200,-0.0014668393404819735
2022-04-28,160.18434143066406,161.0457628626786,155.57379800357486,155.88704759214835,130216800,0.045155316135897294
2022-04-29,154.3208465576172,162.69029635210208,153.92929946524063,158.42236732431553,131747600,-0.03660466947441865
2022-05-02,154.62429809570312,154.88858563658798,150.0333364297974,153.40069487713816,123055300,0.001966367764659971
2022-05-03,156.1122283935547,157.31626501989302,153.01897002538345,154.81031244687898,88966500,0.009622875034366318
2022-05-04,162.51412963867188,162.96440737050813,155.89687222909777,156.29821776928353,108256500,0.04100832658014575
2022-05-05,153.4594268798828,160.61505617925764,151.6778534074066,160.38991736716943,130525300,-0.05571640311473813
2022-05-06,154.1848602294922,156.30235682996496,151.1458596477854,152.93984857664353,116124600,0.00472719965373769
2022-05-09,149.0675811767578,152.7633948486293,148.50880608897836,151.8810971374127,131577900,-0.03318924468406104
2022-05-10,151.46937561035156,153.65550196924158,149.92046680625165,152.45950928453797,115366700,0.016112117836981632
2022-05-11,143.61700439453125,152.39087300235883,142.9405806152843,150.47925033829725,142689800,-0.051841312372081116
2022-05-12,139.75454711914062,143.32291464808353,136.06854586723028,139.9604210928437,182602000,-0.026894150115957305
2022-05-13,144.21498107910156,145.18550397266762,140.29369821646105,141.74456868725608,113990900,0.03191619916422761
2022-05-16,142.67591857910156,144.61696502202452,141.3426813570236,142.68573136301794,86643800,-0.010672001538840292
2022-05-17,146.3031005859375,146.8226694807634,143.7934664467187,145.9305738468132,78336300,0.025422524298134963
2022-05-18,138.04879760742188,144.46008977155722,137.14688920750964,143.9601314929513,109742900,-0.05641919375226845
2022-05-19,134.64706420898438,138.87224434894858,133.91182362893935,137.127274568989,136095600,-0.02464152862896518
2022-05-20,134.88233947753906,137.93113785871375,130.00034593006458,136.3528207232791,137426100,0.001747347927241183
2022-05-23,140.29373168945312,140.44077384848245,134.94117272312687,135.07841705772444,117726300,0.0401193531553119
2022-05-24,137.59783935546875,139.17615657107172,134.62746828487894,138.03898075989613,104132700,-0.01921605692228545
2022-05-25,137.75469970703125,138.99969650386015,135.61759232548434,135.7058176181396,92482700,0.001139991385745942
2022-05-26,140.95057678222656,141.49955424467313,134.44124480454857,134.68632509732035,90601500,0.02319976800785839
2022-05-27,146.69522094726562,146.73442720207444,142.40141055796454,142.5288570634857,90978500,0.040756443117751395
2022-05-31,145.91091918945312,147.69510991870735,143.95027792662736,146.13640370480223,103718400,-0.0053464710898417644
2022-06-01,145.78353881835938,148.75391017683245,144.773794451972,146.95010821381516,74286600,-0.00087300095017806
2022-06-02,148.23434448242188,148.29316134885798,143.96994216366954,144.92085472708317,72348100,0.01681126472801653
2022-06-03,142.51905822753906,145.05808578629097,141.6171647882395,144.0091352358549,88570300,-0.03855574951161567
2022-06-06,143.2640838623047,145.6462712304333,142.0484806619193,144.13656879270374,71598400,0.0052275509256884956
2022-06-07,145.78353881835938,146.06782531945106,141.26425852389363,141.50933876771822,67808200,0.01758608918670923
2022-06-08,145.04827880859375,146.9206802540853,144.55811838609154,145.6560729457736,53950200,-0.005043505019326822
2022-06-09,139.83294677734375,145.03844740252498,139.72511089989996,144.18557316361037,69473000,-0.035955835354186894
2022-06-10,134.43138122558594,137.98993516430295,134.3627515970909,137.51938542071767,91437900,-0.03862870429498089
2022-06-13,129.28472900390625,132.53938671229503,128.85338540144875,130.25523715092532,122207100,-0.03828460419552793
2022-06-14,130.14739990234375,131.25516732822615,128.89259032192393,130.5101288143863,84784300,0.006672643436576697
2022-06-15,132.76487731933594,134.63729418113485,129.55923814253225,131.64731188113106,91533000,0.020111638180679847
2022-06-16,127.50054168701172,129.784691319241,126.50061011925011,129.48079421494845,108123900,-0.039651568536925974
2022-06-17,128.97105407714844,130.46114648258305,127.2554919851494,127.51038506940986,134520300,0.01153338151100991
2022-06-21,133.1961669921875,134.36275100339577,130.696361206463,130.7943843000857,81000500,0.032760164249814316
2022-06-22,132.6864471435547,135.04900927487205,131.2747825760473,132.13745484401576,73409200,-0.00382683571264264
2022-06-23,135.54896545410156,135.8626603415122,132.9609190593017,134.12750324123766,72433800,0.021573554588057542
2022-06-24,138.87225341796875,139.117333627322,137.01944763359853,137.1468791706762,89116800,0.024517250668301793
2022-06-27,138.87225341796875,140.66624234545563,138.19582964679236,139.89178050713437,70207900,0.0
2022-06-28,134.7353057861328,140.59762053174873,134.61767206581916,139.3330131628478,67083400,-0.029789591009118377
2022-06-29,136.49009704589844,137.90176176618252,133.9804775247322,134.75493953918553,66242400,0.013023989885405651
2022-06-30,134.0294647216797,135.64698810352084,131.1375212724895,134.5490335635321,98964500,-0.018027918343345384
2022-07-01,136.1959686279297,136.3038045198631,132.9903302157903,133.36284196732555,71051600,0.01616438527713937
2022-07-05,138.7742462158203,138.82326526029516,134.23535494237336,135.05883599741875,73353800,0.018930645406503688
2022-07-06,140.1074676513672,141.28384979355582,138.30368070277723,138.5683715462856,74064300,0.009607124318106175
2022-07-07,143.46994018554688,143.66600133351363,140.46034846155806,140.470146283479,66253700,0.0239992385170118
2022-07-08,144.14637756347656,144.64635079248632,142.1465295229667,142.40140757015126,64547800,0.004714836969018421
2022-07-11,142.01907348632812,143.7542455393016,140.95052737444695,142.8033331399919,63141600,-0.014757943370527271
2022-07-12,142.98959350585938,145.5286208059207,142.19553604555907,142.89155544175705,77588800,0.006833730116009296
2022-07-13,142.62689208984375,143.56799177024092,139.3232005090592,140.17608985764943,71185600,-0.002536558130719957
2022-07-14,145.54823303222656,146.0187828364424,140.43095716603992,141.24462523992875,78140700,0.020482399213625158
2022-07-15,147.21478271484375,147.8912065060331,145.2835494113212,146.83245817528143,76259900,0.011450153999795987
2022-07-18,144.17578125,148.58722466683977,143.81305239727462,147.77355664160174,81420900,-0.020643317259315785
2022-07-19,148.02847290039062,148.25394254490203,144.01896354895925,145.0090823866063,82982400,0.026722183275081912
2022-07-20,150.0283203125,150.69494637561027,147.41086501912858,148.14610577429508,64823400,0.01350988342259729
2022-07-21,152.29286193847656,152.50853373902038,148.94996398855773,151.45958316742,65086600,0.01509409437671283
2022-07-22,151.05763244628906,153.2045374479934,150.3910214648786,152.3320525114364,66675400,-0.008110882391103247
2022-07-25,149.94007873535156,151.9889458272938,149.28326552705713,150.97921649648936,53623900,-0.007398194270884395
2022-07-26,148.61666870117188,150.07733740905365,147.8324089141252,149.26366918886245,55138700,-0.008826259432046513
2022-07-27,153.70449829101562,154.23387992265205,149.16562296270044,149.57735592146827,78620700,0.034234582394482294
2022-07-28,154.25347900390625,154.53776544520662,151.37133354934207,153.89075014754778,81378700,0.0035716632824318584
2022-07-29,159.31195068359375,160.40992030893383,156.36119003723385,158.06695385906744,101786900,0.03279324208667855
2022-08-01,158.33163452148438,160.37070393464464,157.72384030664722,157.84147403635484,67829400,-0.006153437691917785
2022-08-02,156.8611297607422,159.2139087149108,156.48861801917639,156.94937000342367,59907000,-0.009287498137604655
2022-08-03,162.8607177734375,163.311657015849,157.58658648416494,157.67481177613547,82507500,0.038247767447846304
2022-08-04,162.54702758789062,163.89987539598906,161.19417977979222,162.7430888021846,55474100,-0.0019261255251451503
2022-08-05,162.3212432861328,162.81208464474912,160.0142829089203,160.22044287042655,56697000,-0.0013890398680820315
2022-08-08,161.8500213623047,164.7361708864107,161.19229575323052,163.32254540690658,60276900,-0.002903020666232048
2022-08-09,161.89906311035156,162.78258627702198,160.2596552644257,161.01555492296612,63135500,0.0003030073622114493
2022-08-10,166.1399688720703,166.23812814464867,163.8428202002786,164.60853143111325,70170500,0.026194751719027076
2022-08-11,165.40370178222656,167.85790820975464,165.10919401506573,166.9449356294848,57149200,-0.004431607245639291
2022-08-12,168.94757080078125,169.01628078921996,166.29701596444957,166.70933581222894,68039400,0.02142557258616029
2022-08-15,170.01759338378906,170.21392688656005,168.21130119143814,168.37818541775778,54091700,0.006333459415462928
2022-08-16,169.86056518554688,170.52811724537264,168.51566461022102,169.61514449782814,56377100,-0.0009235996999894525
2022-08-17,171.35269165039062,172.92337473871223,169.40896440067246,169.6052979143018,79542000,0.008784419522058107
2022-08-18,170.95999145507812,171.69625328732099,169.94885973714076,170.56732446959606,62290100,-0.002291765548181335
2022-08-19,168.378173828125,170.55751001123525,168.1720139278697,169.8605088981945,70346300,-0.015101882054267213
2022-08-22,164.5005645751953,166.74861119438174,164.07843325743647,166.58172694573366,69026800,-0.023029168001832745
2022-08-23,164.16673278808594,165.6196334298573,163.59735523592425,164.0194864294595,54147100,-0.002029365601093569
2022-08-24,164.46127319335938,165.03065085876125,163.20472075222654,164.2551282502834,53841500,0.0017941540303030301
2022-08-25,166.91546630859375,167.02345197761028,165.2662469773801,165.6883632421721,51218200,0.014922620186388569
2022-08-26,160.6228790283203,167.91678748247466,160.56398047750997,167.44558409670634,78961000,-0.03769924632771704
2022-08-29,158.42393493652344,159.91608162954805,156.89251255304256,158.19813716461735,73314000,-0.01369010507780255
2022-08-30,155.99917602539062,159.58231130465205,154.8309714061125,159.16019500251252,77906200,-0.015305508679003266
2022-08-31,154.34014892578125,157.6386032608909,154.2616125155062,157.37354474862363,87991100,-0.010634845272127214
2022-09-01,155.06658935546875,155.5181549609377,151.83684522830168,153.77076113952282,74229900,0.004706749570630775
2022-09-02,152.9559783935547,157.4226376540656,152.13136852434044,156.82381061062185,76957800,-0.013610997512015777
2022-09-06,151.69943237304688,154.21253778677115,150.87482246778544,153.60389928231007,73714800,-0.00821508275586802
2022-09-07,153.10321044921875,153.80019664109167,150.7962505650505,151.98409298992328,87449600,0.009253680479962556
2022-09-08,151.63070678710938,153.49589780674214,149.88329791132227,151.8074024718103,84923800,-0.009617719039260564
2022-09-09,154.48739624023438,154.92916542303703,151.91539245059826,152.62220516793604,68028800,0.018839781952186163
2022-09-12,160.43637084960938,161.2511691580026,156.38203213199495,156.6667134786447,104956000,0.03850783140991054
2022-09-13,151.02203369140625,157.5993035102858,150.5606417135221,156.97102730327344,122656600,-0.05867956940404728
2022-09-14,152.4651641845703,154.2223849107527,150.7963063009738,151.95468489782945,87965400,0.009555761221656578
2022-09-15,149.57899475097656,152.3964344091801,148.6071384221947,151.8172302065752,90481100,-0.018930025419444885
2022-09-16,147.9395751953125,148.57767791761873,145.6522527794473,148.4402429431555,162278800,-0.010960225788342881
2022-09-19,151.6503143310547,151.7288507316376,146.36887246061372,146.57501740526791,81474200,0.02508280242689076
2022-09-20,154.02601623535156,155.18440966019696,150.27599594996536,150.59012663818945,107689800,0.015665657633328056
2022-09-21,150.90423583984375,155.83228620825895,150.78643873263653,154.45792171393398,101696800,-0.020267877283391744
2022-09-22,149.94223022460938,151.6405372059972,148.1457489754599,149.58882383167358,86652500,-0.006374941100098508
2022-09-23,147.67453002929688,148.69548848555903,145.83878806603744,148.42061851178616,96029900,-0.015123825968945126
2022-09-26,148.00827026367188,150.95331767501642,146.898964278694,146.91860212230296,93339400,0.0022599715354352234
2022-09-27,148.98013305664062,151.88591989139582,147.20329010150107,149.9421927062511,84442700,0.006566273568614944
2022-09-28,147.0953369140625,147.88068609523327,142.18692325585735,144.93563790031018,146691400,-0.012651325407673997
2022-09-29,139.87013244628906,144.03247205665744,138.1031007730531,143.42383363893248,128138200,-0.049119194526163756
2022-09-30,135.6685028076172,140.47875548865403,135.47216932618974,138.69208635531004,124925300,-0.030039505684212653
2022-10-03,139.8406982421875,140.44935170481597,135.16789396191245,135.67837316238783,114311700,0.030752867085786617
2022-10-04,143.42379760742188,143.54159469628158,141.6174906956308,142.37339030080975,87830100,0.025622722213735516
2022-10-05,143.71832275390625,144.6803824609242,140.39041942925496,141.43101553965928,79471000,0.002053530525600422
2022-10-06,142.76609802246094,144.83744897574383,142.55995305808347,143.13914221609966,68402200,-0.006625632091990408
2022-10-07,137.52392578125,140.47880029356153,136.8956494527264,139.9290453992253,85925600,-0.03671860696498275
2022-10-10,137.84786987304688,139.29094450363405,136.03176603772727,137.84786987304688,74899000,0.00235554715266173
2022-10-11,136.43421936035156,138.76081689569904,135.68814610919395,137.337365394685,77033700,-0.010255149491952498
2022-10-12,135.80593872070312,137.78894134975735,135.6292430799311,136.58147619996143,70433700,-0.004605007765603242
2022-10-13,140.37078857421875,140.95978909716513,131.90867508719168,132.51732843397534,113224000,0.03361303560445639
2022-10-14,135.84523010253906,141.87276009592642,135.65870802953629,141.66660017858484,88598000,-0.032240030263040564
2022-10-17,139.8014373779297,140.282452315822,137.7006369919499,138.48598615048115,85250900,0.029122901646265964
2022-10-18,141.1168670654297,144.0128276023933,138.03438444661543,142.82500010106065,99136600,0.009409271550935072
2022-10-19,141.224853515625,142.2948839097448,138.9080820775627,139.09460416043055,61758300,0.0007652270946834072
2022-10-20,140.7634735107422,143.21768011702426,140.0370229627389,140.40025572638473,64522000,-0.0032669887303636846
2022-10-21,144.57241821289062,145.14179598739213,140.03703386545854,140.2530052619691,86548600,0.027059183800673736
2022-10-24,146.71246337890625,147.47817461798252,143.3256613631015,144.49386606815804,75981900,0.014802582625852656
2022-10-25,149.54953002929688,149.69679141311283,146.62411995147127,147.34074408565283,74732300,0.019337598081653695
2022-10-26,146.61431884765625,149.2059606049606,145.32830191392304,148.19482861119383,88194300,-0.019627017089693388
2022-10-27,142.14764404296875,146.31979510961392,141.48991849585923,145.35775035197634,109180200,-0.030465474585253283
2022-10-28,152.88726806640625,154.6150242142885,145.11234293200243,145.48537216958695,164762400,0.07555259952244509
2022-10-31,150.53121948242188,151.41474288743174,149.13723186575905,150.35452378899333,97943200,-0.015410364864136605
2022-11-01,147.89048767089844,152.60256746450293,146.39834080336652,152.23934967138234,80379300,-0.017542751733515383
2022-11-02,142.37342834472656,149.3826416112209,142.34397906464244,146.22162239502856,93604600,-0.03730503166944055
2022-11-03,136.33607482910156,140.18426855678922,136.20845130657773,139.45781809061094,97918500,-0.04240505820374607
2022-11-04,136.07057189941406,140.28896920604143,132.1373281619349,139.71864706361086,140814800,-0.001947415091862581
2022-11-07,136.60157775878906,136.8277351131925,133.40581664759068,134.82178704829124,83374600,0.003902429834479859
2022-11-08,137.1719207763672,139.0697043062685,135.19547054516553,138.06673762400212,89908500,0.0041752300883759474
2022-11-09,132.61915588378906,136.23774833279379,132.3438299914245,136.18857977969958,74917800,-0.03319021026176738
2022-11-10,144.41891479492188,144.41891479492188,137.17191586897493,138.88288280173376,118854000,0.08897477014159749
2022-11-11,147.20166015625,147.50648417895965,141.96061049585242,143.38642351170455,93979700,0.01926856579195113
2022-11-14,145.8053436279297,147.77196548965426,144.9695233350431,146.4838305708861,73374100,-0.009485738998039617
2022-11-15,147.53598022460938,151.02673737922098,146.08068410249945,149.67960607049233,89868300,0.011869500483438822
2022-11-16,146.30685424804688,147.36883205309908,144.83188757505272,146.64119143040293,64218300,-0.008331025250188251
2022-11-17,148.2046661376953,148.95197725260945,143.71092672522755,143.98625266251898,80389400,0.012971448941352381
2022-11-18,148.76515197753906,150.1516244369956,147.46718893347042,149.7681336507777,74829600,0.003781836661762128
2022-11-21,145.5398712158203,147.8604860232478,145.2547175972566,147.65399909356225,58724100,-0.021680351337964643
2022-11-22,147.67364501953125,147.9096450709946,144.47788413446048,145.65786938764137,51804100,0.014661094488305437
2022-11-23,148.54884338378906,149.29615456069408,146.84770405367206,146.95586889544748,58301400,0.005926571150472126
2022-11-25,145.63819885253906,146.3953525551104,144.66471552066162,145.8348580598712,35195900,-0.019593855225988444
2022-11-28,141.81314086914062,144.19275214587688,140.98716307142482,142.7177853624681,69246000,-0.026264112118492777
2022-11-29,138.8140106201172,142.39326202258005,138.00770341068628,141.8819361067611,83763800,-0.021148465019831364
2022-11-30,145.5595245361328,146.23801151936658,138.20436253781247,139.04016787618127,111380900,0.04859389830955618
2022-12-01,145.83485412597656,146.64117635966434,144.1632284025417,145.7365320270306,71250400,0.0018915257570479849
2022-12-02,145.34323120117188,145.53006273642814,143.21927533321448,143.52411441944975,65447400,-0.003371093472483655
2022-12-05,144.1829071044922,148.4013049961633,143.33725898348703,145.3038811249747,68826400,-0.00798333769718984
2022-12-06,140.52499389648438,144.8417290558683,139.55151049910586,144.61557170242608,64727200,-0.025369950443271727
2022-12-07,138.587890625,140.97732977170875,137.663575645007,139.817029693259,69721100,-0.013784759691299553
2022-12-08,140.2693328857422,141.12482380942538,138.7452125702619,139.98417924727298,62128300,0.012132678065589042
2022-12-09,139.7875213623047,143.14061609699272,138.5485396692002,139.9645101732408,76097000,-0.0034349027939697407
2022-12-12,142.07861328125,142.0884409898644,138.7058487137347,140.31847817047847,70462700,0.016389817178367405
2022-12-13,143.04225158691406,147.46715106267968,141.83278326469596,147.00499369488003,93886200,0.00678243039827886
2022-12-14,140.81996154785156,144.21238117508022,138.80417118832523,142.92424628798724,82291200,-0.015535899459134361
2022-12-15,134.22195434570312,139.43350575702271,133.7597969655739,138.75501875197617,98931900,-0.04685420397523965
2022-12-16,132.2651824951172,135.35277902524194,131.4982009688156,134.4088086870883,160156900,-0.014578627320133153
2022-12-19,130.16087341308594,132.94364536804903,129.12840885731634,132.8551509782634,79592600,-0.0159097733986715
2022-12-20,130.0920867919922,131.02622951755586,127.72230297983688,129.19726991624464,77432800,-0.000528473874598534
2022-12-21,133.18951416015625,134.5268181441457,130.53457661956926,130.76073402008618,85928000,0.023809498675477547
2022-12-22,130.02322387695312,132.31434056379908,128.12544063659777,132.10785363301125,77852100,-0.02377281952838839
2022-12-23,129.65940856933594,130.21006041152802,127.47645662054781,128.7350936895975,63814900,-0.002798079425883837
2022-12-27,127.85992431640625,129.21689825725943,126.57178934548489,129.18740012847,69007800,-0.01387854744044592
2022-12-28,123.93653106689453,128.84325132058044,123.76936998157427,127.50594763388183,85438400,-0.0306850897221147
2022-12-29,127.44694519042969,128.30242099857716,125.59832312588058,125.8539785961876,75703700,0.028324288999507452
2022-12-30,127.7616195678711,127.78128999342299,125.30334902080124,126.26699731697423,77034200,0.0024690617493516864
2023-01-03,122.98270416259766,128.71540148347327,122.09772277878758,128.10575347623433,112117500,-0.03740493758170249
2023-01-04,124.2511978149414,126.51281646624362,122.99256074022561,124.77235152537197,89113600,0.010314406899580408
2023-01-05,122.93355560302734,125.63766124201173,122.67790010774006,125.00834271164995,80962700,-0.010604664060273716
2023-01-06,127.45677947998047,128.115596113896,122.80572219640975,123.907033324828,87754700,0.036794053948617345
2023-01-09,127.97794342041016,131.18354745345354,127.72228791640812,128.292610198386,70790800,0.004088946406429095
2023-01-10,128.5482635498047,129.06941726347972,125.98182082594903,128.08610610497774,63896200,0.004456393923451429
2023-01-11,131.26220703125,131.28186245070447,128.28277553296553,129.0595847172529,69458900,0.02111225314524634
2023-01-12,131.1835174560547,132.0193227611732,129.24639368399414,131.64567480294028,71379600,-0.0005994838649678869
2023-01-13,132.51100158691406,132.6683349676498,129.46274610687883,129.8265664212103,57809700,0.01011929056791816
2023-01-17,133.6713104248047,134.99877137842552,131.89151977321038,132.5798345273993,63646600,0.008756320788425809
2023-01-18,132.95347595214844,136.29672707490226,132.776472184589,134.5366071318126,69672800,-0.00537014614710507
2023-01-19,133.0125274658203,133.9761683655657,131.53756047463978,131.842384585488,58280400,0.00044415170982925467
2023-01-20,135.569091796875,135.71659745917918,131.98001240951498,133.02231973826562,80223600,0.019220477798316038
2023-01-23,138.75502014160156,140.92814412125819,135.59858513124948,135.81491475833332,81760300,0.02350040339209536
2023-01-24,140.15130615234375,140.77079684177573,137.9585269717819,137.9683546796287,66435100,0.010062958510021813
2023-01-25,139.49253845214844,140.05301807827476,136.49343605439017,138.53872531246566,65799300,-0.0047004035729730775
2023-01-26,141.5574951171875,141.842648779811,139.53186132489677,140.78067082207204,54105100,0.014803348537150818
2023-01-27,143.49459838867188,144.77290596887224,140.69217042868402,140.7708371263728,70555800,0.013684215518795062
2023-01-30,140.61351013183594,143.12095684480488,140.4660194445421,142.540806802597,64015300,-0.02007802585733698
2023-01-31,141.88197326660156,141.93114182979278,139.90552306108117,140.31851198443744,65874500,0.009020919352460188
2023-02-01,143.00291442871094,144.16322923439725,138.96152054070433,141.56728874190614,77663600,0.007900518552861335
2023-02-02,148.30299377441406,148.65697138188685,145.6972102432423,146.41502317640206,118339000,0.037062736566430665
2023-02-03,151.92156982421875,154.75351068440185,145.36288637728777,145.55954560277002,154357300,0.024399885381336084
2023-02-06,149.19778442382812,150.54493079230497,148.26364190831887,150.02377712562708,69858300,-0.01792889188508373
2023-02-07,152.06906127929688,152.63938353904294,148.12598902287087,148.12598902287087,83322600,0.019244768724663297
2023-02-08,149.3846435546875,152.00025508514892,148.6471601159277,151.31194020980092,64120100,-0.017652622446843735
2023-02-09,148.35215759277344,151.75442098443708,147.90967054867934,151.21359681759392,56007100,-0.0069115937043159326
2023-02-10,148.71649169921875,149.04148154329528,146.9536843926681,147.1900447411898,57450700,0.002455873324373359
2023-02-13,151.51341247558594,151.91717418893083,148.62790397291747,148.65744714640496,62199000,0.01880706533895382
2023-02-14,150.873291015625,151.43464142437824,148.56883308158638,149.80969157828838,61707600,-0.004224850127140245
2023-02-15,152.97093200683594,153.13834833360136,150.55814431502776,150.7846469892343,65573800,0.013903328926481162
2023-02-16,151.3755340576172,153.95573796607766,151.02100096105386,151.17855953849067,68167900,-0.010429419029410525
2023-02-17,150.23313903808594,150.67630162569367,148.55896091432058,150.03617955770974,59144100,-0.007546761282417158
2023-02-21,146.2249755859375,149.00215442484804,146.15604651567105,147.9188545173904,58867200,-0.02667962260398704
2023-02-22,146.6484375,147.67263591965713,144.9250155718982,146.60903658364012,51011300,0.0028959615986643428
2023-02-23,147.13099670410156,148.05672295415894,145.0038129046831,147.81051980369892,48394200,0.00329058537771032
2023-02-24,144.48184204101562,144.9545478123535,143.50687229977612,144.87576101262292,55469600,-0.01800541505481479
2023-02-27,145.67344665527344,146.90446214048941,145.21058363066865,145.46664446890208,44998500,0.00824743509235959
2023-02-28,145.17120361328125,146.8158385647427,144.6000106018143,144.8166705381309,50547000,-0.0034477322636616847
2023-03-01,143.10313415527344,144.99397277728684,142.80768733341674,144.60005369951097,55479000,-0.014245727847768674
2023-03-02,143.69398498535156,144.481837933212,141.71450238763347,142.1872231725768,52238100,0.004128846188910407
2023-03-03,148.73622131347656,148.81500811176437,145.09241829817535,145.79162671403117,70732300,0.03509010017809033
2023-03-06,151.49368286132812,153.9261705239575,151.12930710707832,151.4542819528968,87558000,0.018539273913917187
2023-03-07,149.29754638671875,151.69063299374776,148.83468341689917,151.3656431408717,56182000,-0.014496554794430905
2023-03-08,150.54827880859375,151.13917230662574,149.52408044265695,150.48919246419973,47204800,0.00837744793631967
2023-03-09,148.3029022216797,152.1929083670859,147.9483691410299,151.2277963802791,53833600,-0.014914661294592513
2023-03-10,146.24464416503906,148.64758887079853,145.36816171354923,147.92868001277867,68572400,-0.01387874428488245
2023-03-13,148.1847381591797,150.81418573238946,145.45680332509693,145.56513330123872,84457100,0.013266085778506964
2023-03-14,150.27252197265625,151.07021762009597,147.82034869008896,148.98242012042218,73695900,0.014089060988412117
2023-03-15,150.6664581298828,150.92250395033966,147.64307677577528,148.8937927615987,77167900,0.0026214783119047347
2023-03-16,153.48300170898438,154.08373780814682,149.33693534803646,149.84904194741503,76161100,0.018693899186729146
2023-03-17,152.64593505859375,154.35951419092353,151.93686886777078,153.70953434482817,98944600,-0.005453806878091716
2023-03-20,155.0094757080078,155.42311016638172,151.80883520237765,152.71487589238697,73641400,0.015483809958691808
2023-03-21,156.8609161376953,156.9790888157361,154.1625247817563,154.93069227015488,73938300,0.011944046783146867
2023-03-22,155.43292236328125,159.67746084227036,155.41322191031108,156.8805976022137,75701800,-0.009103566456035161
2023-03-23,156.5162353515625,159.0964541870748,155.28521978995877,156.41776312286146,67622100,0.006969649491304741
2023-03-24,157.81617736816406,157.90480687220796,155.45263376473136,156.44728881765926,59196500,0.008305477151821838
2023-03-27,155.8761444091797,158.32833330749588,155.47236761782167,157.51093700805714,52390300,-0.012292991702989586
2023-03-28,155.25567626953125,156.0829301456233,153.6110412861723,155.57082346557496,45992200,-0.003980520188000658
2023-03-29,158.32827758789062,158.60402382956926,156.92984592593675,156.94953135245441,51305700,0.019790589253723567
2023-03-30,159.89414978027344,160.00247975071784,158.82070781762587,159.07675364456477,49501700,0.009890034908726753
2023-03-31,162.39553833007812,162.49402556851254,159.45095924162882,159.972908545837,68749800,0.0156440279600103
2023-04-03,163.64630126953125,163.76447396805997,161.7259197832038,161.7751634166065,56976200,0.007701953836384723
2023-04-04,163.11448669433594,164.30610131295074,162.60238002597387,164.06975594835677,46278300,-0.003249780600414476
2023-04-05,161.2728729248047,162.54328933366952,159.34264903941414,162.2379998945446,51511700,-0.011290313980402589
2023-04-06,162.15924072265625,162.45468749786315,159.53963569062748,159.96309788102116,45390100,0.0054960749553016885
2023-04-10,159.56915283203125,159.56915283203125,157.64877164706385,158.96841666370352,47716900,-0.01597249641206
2023-04-11,158.3578338623047,159.8941387722609,158.0722298566841,159.88429605818737,47644200,-0.007591185064456996
2023-04-12,157.6685028076172,159.5987270827998,157.35335556356011,158.77148810772155,50133100,-0.00435299623564489
2023-04-13,163.04554748535156,163.28190788405584,158.96842452673738,159.1752417539843,68445600,0.03410348028924526
2023-04-14,162.70086669921875,163.794009087704,161.33197803499354,162.09027277975596,49386500,-0.0021140153254647354
2023-04-17,162.7205352783203,162.8781088558677,161.53876350080176,162.58266215472722,41516200,0.00012088797988973887
2023-04-18,163.9417266845703,164.8674527745674,163.13417327770642,163.5773508935462,49923000,0.007504838920061596
2023-04-19,165.0841064453125,165.60605581206516,163.0258371209191,163.28189796071484,47720200,0.006968206226961149
2023-04-20,164.11898803710938,165.32046042282218,163.04554607797024,163.56749547193866,52456400,-0.0058462224437265675
2023-04-21,162.5137939453125,163.9220688758568,161.9918444229521,162.54333712378204,58337300,-0.009780672614395636
2023-04-24,162.81900024414062,163.08490374149048,161.40086829432988,162.49401042005553,41949600,0.0018780331897907399
2023-04-25,161.28274536132812,163.78416246885476,161.24334444666383,162.68117729099055,48714100,-0.009435353862319196
2023-04-26,161.2728729248047,162.76979197769046,160.32746143764658,160.58350725145092,45498800,-6.121198210828904e-05
2023-04-27,165.8522491455078,165.99996498511996,162.68115222078845,162.68115222078845,64902300,0.028395204584954037
2023-04-28,167.10296630859375,167.27039764589344,165.33031595199535,165.93105213681218,55275900,0.007541152860632172
2023-05-01,167.01434326171875,167.86128258741087,166.07877442017465,166.70905380019818,52472900,-0.0005303499323365823
2023-05-02,165.98028564453125,167.76280882251325,164.9954731830596,167.50674796522142,48425700,-0.006191430011295962
2023-05-03,164.9068603515625,168.32416114075937,164.6212713207429,166.92572910723644,65136000,-0.0064671854780852245
2023-05-04,163.2720489501953,164.50306450874902,161.81453073644045,162.3857237588548,81235400,-0.009913543911283962
2023-05-05,170.93389892578125,171.65280778469676,168.1665634032941,168.38322333782398,113453200,0.046926893028231165
2023-05-08,170.86495971679688,171.20965008439242,169.49607101524845,169.86044681233003,55962800,-0.00040330917049002935
2023-05-09,169.1612548828125,170.90436226614003,168.9938385535857,170.42181373691182,45326900,-0.00997106040236806
2023-05-10,170.92404174804688,171.38690478906514,169.28924951921832,170.39224965147537,53724500,0.010420748335400853
2023-05-11,171.11114501953125,171.9383837832071,169.55513971049686,171.2096322648924,49514700,0.0010946574254322439
2023-05-12,170.1841278076172,171.65351807079642,168.63582673684218,171.21959891598488,45533100,-0.0054176319830496755
2023-05-15,169.69107055664062,170.81530899814229,169.09935977781652,170.7659972586019,37266700,-0.0028971988006656346
2023-05-16,169.69107055664062,170.74626955321972,169.42479920138675,169.61217478294208,42110300,0.0
2023-05-17,170.30252075195312,170.53919306240596,168.06389984598047,169.33607370599472,57951600,0.003603313912197814
2023-05-18,172.62986755371094,172.81724313624747,170.19401507639674,170.60820660461047,65496700,0.013665956272882251
2023-05-19,172.7383575439453,173.95134816577144,172.5213979143073,173.95134816577144,55809500,0.0006284543443828561
2023-05-22,171.79161071777344,172.2945693897219,171.05197977463047,171.57465110395842,43570900,-0.005480814103092424
2023-05-23,169.1881103515625,170.9829553293692,168.9119826700276,170.7364116817252,50747300,-0.015154991302154364
2023-05-24,169.4642333984375,170.03621645106807,168.16249079935005,168.7246024757336,45143500,0.0016320475847932947
2023-05-25,170.59835815429688,171.49576564962197,169.31632809947834,170.02637505144457,56058300,0.006692413691760324
2023-05-26,173.00460815429688,173.33991896491864,170.71669083708804,170.92379413047703,54835000,0.014104766458676421
2023-05-30,174.84877014160156,176.51540772383512,174.1288668535482,174.51347436884586,55964400,0.010659611943168334
2023-05-31,174.7994842529297,176.870457363353,174.31625318107535,174.87838004309978,99625300,-0.0002818772395822844
2023-06-01,177.6001739501953,177.62975798334406,174.4838587106697,175.24321733975688,68901800,0.01602229954645118
2023-06-02,178.44830322265625,179.26683000310032,176.7816656255451,178.52719900186148,61996900,0.004775497982894894
2023-06-05,177.0972442626953,182.3929972823034,175.57852688511534,180.10507993454968,121946500,-0.007571150498837609
2023-06-06,176.7323455810547,177.62975297431,174.97694105936182,177.4818328127375,64848400,-0.002060442460072087
2023-06-07,175.36158752441406,178.70471906299082,174.86850018805862,175.9730110061888,61944600,-0.0077561243932676716
2023-06-08,178.07354736328125,178.3398036598064,175.00654388250445,175.44044804834044,50214900,0.015464959442669457
2023-06-09,178.45814514160156,179.7105759291869,178.13270574903748,178.99067275354267,48900000,0.002159769286427027
2023-06-12,181.24903869628906,181.34766218390052,178.468033910057,178.76388932505995,54274900,0.015638925040227347
2023-06-13,180.77566528320312,181.60404834381112,179.91769818813273,180.2727216495119,54929100,-0.002611729234487936
2023-06-14,181.40682983398438,181.84074910193183,179.50351991974284,180.8348467124019,57462900,0.0034914243009005475
2023-06-15,183.43833923339844,183.94129793003785,181.23917400121888,181.4166932611595,65433200,0.011198637897333885
2023-06-16,182.36338806152344,184.40477651433866,181.72238065098958,184.1483615118621,101256200,-0.00586001365018507
2023-06-20,182.4521484375,183.52709013546678,181.8604527350327,181.8604527350327,49799100,0.0004867225648748086
2023-06-21,181.41668701171875,182.84663717983523,180.0656175699355,182.34367850052172,49515700,-0.005675249289464834
2023-06-22,184.41461181640625,184.46392354570867,181.13064927618234,181.19968870677113,51245300,0.016525077456043702
2023-06-23,184.09909057617188,184.96692915011988,182.45218058994394,182.9847233686237,53117000,-0.001710934058460012
2023-06-26,182.7085723876953,185.4501365723536,182.6691169769034,184.24700235631448,48088700,-0.007553096455418018
2023-06-27,185.4600067138672,185.78544616190248,183.10304984582174,183.32000947784528,50730800,0.0150591419450945
2023-06-28,186.63356018066406,187.2745677103686,185.00637796044083,185.33180236622022,51216800,0.0063277980389997435
2023-06-29,186.96884155273438,187.4422162021352,186.32783407243755,186.4658979165552,46347300,0.0017964688223583991
2023-06-30,191.2882843017578,191.79122791985353,188.6157445714927,188.98063939826477,85213200,0.023102473723169314
2023-07-03,189.79917907714844,191.19954526937022,189.10884478636748,191.10092178559267,31458200,-0.007784612790296741
2023-07-05,188.68478393554688,190.311965971159,187.98459336367247,188.92147125163748,46920300,-0.005871443422569178
2023-07-06,189.15814208984375,189.36524537083605,186.5842258571581,187.2153769807983,45094300,0.0025087245745187836
2023-07-07,188.0437469482422,190.00623962579556,187.6098428072387,188.76366516963594,46815000,-0.0058913411248893155
2023-07-10,186.00238037109375,187.36330604998784,184.45407912216882,186.6433878022031,59922200,-0.010855806748577002
2023-07-11,185.479736328125,186.68287064614393,184.02020200954667,186.54480679233018,46638100,-0.0028098782495472596
2023-07-12,187.14633178710938,189.04964127499804,185.86430197749195,187.057564649218,60750200,0.008985323636842235
2023-07-13,187.90565490722656,188.54667726642194,187.15616781493696,187.86621455408562,41342300,0.004057376454383199
2023-07-14,188.05364990234375,188.53686585918993,187.00830716161786,187.6000029338883,41616200,0.0007876026678934611
2023-07-17,191.30799865722656,191.63343805134278,189.15813040004866,189.24688249449068,50520200,0.01730542723617856
2023-07-18,191.05162048339844,191.6433313227349,189.75973403360663,190.67688432979497,48288200,-0.0013401330609678075
2023-07-19,192.4026641845703,195.48938034906212,189.9865244553515,190.4303150490968,80507300,0.007071616025833505
2023-07-20,190.45989990234375,193.75371936128715,189.83860510668907,192.39279363664537,59581200,-0.010097387634730892
2023-07-21,189.2863311767578,192.27443863277517,188.58614067832426,191.4164716546598,71951700,-0.00616176279724856
2023-07-24,190.0851593017578,192.21530010696893,189.59207198839397,190.73603816687742,45377800,0.004220210302740002
2023-07-25,190.94309997558594,191.75177028050072,190.25278084201756,190.65711599447494,37283200,0.004513454269547523
2023-07-26,191.81097412109375,192.93521264770516,190.64729522856234,190.9924473358141,47471900,0.004545197734920903
2023-07-27,190.5486602783203,194.47363103189025,189.8879250921341,193.3099522093675,47460200,-0.0065810303532295444
2023-07-28,193.12257385253906,193.91151654263126,191.4559363697747,191.97860770429688,48291400,0.013507906959089766
2023-07-31,193.7340087890625,193.77346420221568,192.56045853696887,193.34940127389015,38824100,0.003166045917502691
2023-08-01,192.9056396484375,194.01015053136803,192.58020018161,193.52693454400202,35175100,-0.004275806533931448
2023-08-02,189.9175262451172,192.48157144604934,189.19762292480593,192.34350758944402,50389300,-0.015490026153543335
2023-08-03,188.52700805664062,189.71041463976601,188.0536484329567,188.92148694956984,61235200,-0.007321694927101663
2023-08-04,179.47393798828125,184.7894189873242,179.40489853673822,182.95513345446872,115956800,-0.04802001666328626
2023-08-07,176.37733459472656,180.59816071157974,174.89807268327345,179.6119861039443,97576100,-0.0172537775025412
2023-08-08,177.314208984375,177.77771228390873,175.12490000933562,177.20572916857282,67823000,0.00531176180772408
2023-08-09,175.7264404296875,178.42854898853972,174.56274666920834,178.36938092489027,60378500,-0.008954547770209542
2023-08-10,175.509521484375,178.2510860859084,175.14464164213348,176.99863993985085,54686900,-0.0012344126745075235
2023-08-11,175.5687255859375,176.38835756307438,174.34422750725284,175.10461152163393,52036700,0.00033732700688693384
2023-08-14,177.21788024902344,177.44500246999712,175.09473274674426,175.74649049543365,43675600,0.009393214295895236
2023-08-15,175.2329559326172,177.23759212733944,174.8379595164921,176.64509750315182,43622600,-0.011200474317924702
2023-08-16,174.36399841308594,176.30937200366554,174.29486573787133,174.91699954220002,46964900,-0.0049588704071475975
2023-08-17,171.82611083984375,175.29225282363015,171.31260330101006,174.92688028330798,66062900,-0.014555112272831017
2023-08-18,172.3099822998047,172.91236175457905,169.81159252872837,170.14734105941557,61172200,0.0028160531457990245
2023-08-21,173.6431121826172,173.92949746098708,171.56935789788312,172.88274314562352,46311900,0.007736811675210786
2023-08-22,175.0157470703125,175.46012191641384,174.04799506153495,174.8478727981476,42038900,0.007904919869506477
2023-08-23,178.8571014404297,179.28173690226188,176.10196602938296,176.2895946007869,52722800,0.021948621392187784
2023-08-24,174.17637634277344,178.8374075605793,173.8109887437673,178.41277199096436,54945800,-0.026170194305733085
2023-08-25,176.37852478027344,176.91177162464882,173.62338845938785,175.16389608553052,51449600,0.012643209623136586
2023-08-28,177.9387664794922,178.33376298082638,176.31925671498092,177.8400098200833,43820700,0.008845984516326233
2023-08-29,181.8196563720703,182.58991008586239,177.2573820568172,177.45488030453177,53003900,0.02181025511956336
2023-08-30,185.30557250976562,185.5030858470339,182.43194029759772,182.62943856671393,60813900,0.019172383268406534
2023-08-31,185.52279663085938,186.75717945843076,185.1376697913831,185.49317264844964,60794500,0.0011722481852634026
2023-09-01,187.09295654296875,187.54720101813678,185.92769123419916,187.12258052751662,45766500,0.008463433823895805
2023-09-05,187.32992553710938,187.60642607121574,185.26604116890505,185.92766852324166,45280000,0.0012665842612102907
2023-09-06,180.62477111816406,186.49056063180015,179.2027597126584,186.0461707664675,81755800,-0.035793290365756514
2023-09-07,175.3416290283203,175.98351721110967,171.3718491931888,172.99135904079122,112488800,-0.029249266626821258
2023-09-08,175.95388793945312,177.9881638364286,175.56876103562882,176.121777292026,65551300,0.003491805765269307
2023-09-11,177.11912536621094,178.0473836718388,175.1243584797436,177.82026144859472,58953100,0.006622402269160332
2023-09-12,174.09738159179688,177.8795329175836,172.63587633671216,177.2475294233725,90370200,-0.017060516577000473
2023-09-13,172.03346252441406,175.08485308011382,171.80632524830068,174.30471474035696,84267900,-0.011854969032343288
2023-09-14,173.5443572998047,173.89986015970092,171.4113401404273,171.82609096561458,60895800,0.008782563306113822
2023-09-15,172.82347106933594,174.29486087176767,171.6483512368518,174.27510652680778,109259500,-0.004153901870882493
2023-09-18,175.7465057373047,177.13889330258442,173.96899129951683,174.27511585610648,67257600,0.016913412569963038
2023-09-19,176.83274841308594,177.38574949277796,174.91698390976052,175.30211073798526,51826900,0.006180735549899952
2023-09-20,173.29750061035156,177.45489404541186,173.20861358406935,177.0203888259045,58436200,-0.01999204239293928
2023-09-21,171.7569580078125,174.0973581099587,171.6878404044714,172.36922214048295,63149100,-0.008889583503012388
2023-09-22,172.60621643066406,174.86761425499944,171.87547142547365,172.48772049861157,56725400,0.004944535771371328
2023-09-25,173.88011169433594,174.75899170155245,171.97421669351675,172.02359502231215,46172700,0.007380355644279968
2023-09-26,169.8115692138672,173.01107959102313,169.51531434646242,172.63583748924898,64588900,-0.023398549959646076
2023-09-27,168.30068969726562,170.87808171574733,166.93794126401278,170.46333088230946,66921800,-0.008897388579565568
2023-09-28,168.55743408203125,169.88068876106084,165.52578284422083,167.22429469748067,56294400,0.0015255099977751208
2023-09-29,169.0709686279297,170.90773103963988,168.21182785802986,169.87084635964763,51861100,0.0030466443007699517
2023-10-02,171.57920837402344,172.12233981703872,168.79443355791753,169.08081880430257,52164500,0.014835425421933834
2023-10-03,170.24609375,171.46073744550782,168.6858469308082,170.1078434596355,49594600,-0.007769674639816482
2023-10-04,171.4903564453125,172.03348795172127,168.8339619515459,168.9524578917983,53020300,0.007308612302962203
2023-10-05,172.72474670410156,173.25799352598938,170.52259660006877,171.6187292983148,48527900,0.007198015587440265
2023-10-06,175.2725067138672,175.76625988669193,171.0163417068709,171.6286058875163,57266700,0.014750405245232523
2023-10-09,176.75376892089844,176.81301689163445,173.60362121945622,174.6009972191987,42390800,0.008451195425928537
2023-10-10,176.16127014160156,177.47465549196244,175.72676490471198,175.87489990900735,43698000,-0.003352113977054927
2023-10-11,177.55361938476562,177.60299770884345,175.38110873868183,175.9736034231689,47551100,0.007903832902912633
2023-10-12,178.4522705078125,180.06189553412176,176.80312172309905,177.82026707710477,56743100,0.005061294307380226
2023-10-13,176.61550903320312,179.6570151987734,175.91437292525092,179.1533924067404,51427100,-0.010292732445390529
2023-10-16,176.4871063232422,176.8426091520335,174.3047110276888,174.54171793626585,52517000,-0.0007270183160233978
2023-10-17,174.93675231933594,176.19088966345473,172.61612132571108,174.44299912050275,57549400,-0.00878451710272099
2023-10-18,173.6431121826172,175.36137864838344,172.9222367694585,173.3863659573123,54764400,-0.007394901983531099
2023-10-19,173.2678680419922,175.61812287122567,173.00123711265553,173.84060845589931,59302900,-0.002161007919682767
2023-10-20,170.7200927734375,173.22835212793277,170.4830858385587,173.11972583296543,64244000,-0.014704257040533464
2023-10-23,170.83860778808594,171.8359838309846,167.80695589693704,168.77472302133776,55980100,0.000694206597027236
2023-10-24,171.2730712890625,171.50019348742782,169.30792860053273,170.88794448829165,43816600,0.0025431224627836535
2023-10-25,168.96234130859375,170.89784530264086,168.51795139973865,169.73259505065448,57157000,-0.013491496141672332
2023-10-26,164.80490112304688,169.23880917055772,163.60014241201984,168.24141831331102,70625300,-0.024605720738408277
2023-10-27,166.1182861328125,166.8490461099926,164.74565318394508,164.82465548430088,58499100,0.007969332227474313
2023-10-30,168.1624298095703,169.0314401165317,166.7601727667049,166.90830774256386,51131000,0.012305350147445493
2023-10-31,168.63644409179688,168.764809656098,165.8022909489589,167.23418704526227,44846000,0.0028187882558745603
2023-11-01,171.79647827148438,172.05322449399938,167.99457285522465,168.86358325166134,56934900,0.01873873821703298
2023-11-02,175.35150146484375,175.5588693503195,173.26786256268767,173.32711052996643,77334800,0.020693225083121325
2023-11-03,174.4429931640625,174.61088250590672,171.18423421755685,172.06311427874405,79829200,-0.0051810694131033674
2023-11-06,176.9907684326172,177.1882666996337,174.0085099439187,174.1763842242903,63841300,0.014605202664451644
2023-11-07,179.54840087890625,180.1606499568927,176.73400192517136,176.9413698079054,70530000,0.01445065451118599
2023-11-08,180.60504150390625,181.15804266662394,179.3212801943679,180.07179468790036,49340300,0.0058849904528675
2023-11-09,180.13104248046875,181.81966995293175,179.53853262491765,180.67417400336535,53763500,-0.002624506046400965
2023-11-10,184.31365966796875,184.48177017271385,181.47578777634308,181.91086536697577,66133400,0.02321985777633806
2023-11-13,182.7316131591797,183.94784205398747,182.14822040593083,183.74020094629049,43627500,-0.008583446889606772
2023-11-14,185.342041015625,186.00454008995078,184.21480130754796,185.59912547957174,60108400,0.014285584258326045
2023-11-15,185.9056396484375,187.3789678351275,185.67821821290843,185.74744196041772,53790500,0.003040856946023407
2023-11-16,187.58663940429688,188.82264852852316,186.5384909930313,187.44820698590362,54412900,0.009042220338437712
2023-11-17,187.56687927246094,188.24915879673333,186.45941980581802,188.1206090057824,50922700,-0.00010533869522200145
2023-11-20,189.30714416503906,189.76200213676566,187.75472463510502,187.76460727588125,46505100,0.009278103358803635
2023-11-21,188.50624084472656,189.37639617894334,187.61632022600733,189.26762676216626,38134500,-0.004230708375243752
2023-11-22,189.16871643066406,190.77057938008178,188.6940931656517,189.3467095850447,39617700,0.0035143429892232625
2023-11-24,187.84373474121094,188.76331834061182,187.13179223741543,188.7336553269539,24048300,-0.007004232594340021
2023-11-27,187.66575622558594,188.53591159550703,186.78571821300812,187.79430602014355,40552600,-0.0009474817771814026
2023-11-28,188.26890563964844,188.9413024556769,187.2800983304318,187.65584993609482,38415400,0.0032139556315082807
2023-11-29,187.2504425048828,189.93999969621768,186.85492560121705,188.76331653900834,43014200,-0.005409619455243431
2023-11-30,187.8239288330078,188.18979776505014,186.08363355367433,187.71515943504943,48794400,0.0030626700821283492
2023-12-01,189.0995330810547,189.4159436040849,187.11202054575708,188.19971472368132,45704800,0.006791489540084017
2023-12-04,187.30975341796875,187.92282418358675,185.35191925319242,187.85360043262926,43389500,-0.009464749245672532
2023-12-05,191.25509643554688,192.2241233156588,188.05135551468544,188.081033613139,66628400,0.021063201171240387
2023-12-06,190.1674346923828,192.58011192579394,189.95977851245675,192.27358406476233,41089700,-0.005686968679188165
2023-12-07,192.09559631347656,192.81742141001197,191.42319951100376,191.46276025185608,47477700,0.010139283964222257
2023-12-08,193.51947021484375,193.79633503305183,191.50229501018384,192.0263616366492,53406400,0.007412319327943395
2023-12-11,191.01780700683594,191.32434997590968,189.27751140798418,190.948598334338,60943700,-0.012927191280704187
2023-12-12,192.5306854248047,192.54056806660662,189.57414602172835,190.9189246189266,52696900,0.0079200910201771
2023-12-13,195.74432373046875,195.78386938859322,192.66913204715806,192.90643617191267,70404200,0.016691564248958013
2023-12-14,195.89263916015625,197.38573293709894,193.96446770304377,195.80365011321348,66831600,0.0007576997731577606
2023-12-15,195.35865783691406,196.17935458626624,194.79503045579114,195.3190970971854,128538400,-0.0027258876368785323
2023-12-18,193.69744873046875,194.42917151631295,192.214237877434,193.89520715993984,55751900,-0.008503381036903401
2023-12-19,194.7357177734375,194.7456004150459,193.69746706046115,193.96444926391277,40714100,0.0053602618401726865
2023-12-20,192.6493377685547,195.46742966263125,192.6493377685547,194.69616113684165,52242800,-0.010713905126075396
2023-12-21,192.50099182128906,194.87413831888384,191.33420648650613,193.90511142023345,46482500,-0.0007700309224205615
2023-12-22,191.43310546875,193.2228443252002,190.81015202156473,192.9954077755279,37149600,-0.005547432989490564
2023-12-26,190.88926696777344,191.71986154255086,190.67172813799795,191.44299668429173,28919300,-0.0028408801061076128
2023-12-27,190.98812866210938,191.33421726083122,188.95118798803827,190.33552729492325,48087700,0.0005179007489857224
2023-12-28,191.413330078125,192.4812438348005,191.00791544042355,191.96705978425237,34049900,0.002226323798207863
2023-12-29,190.37506103515625,192.2241257878035,189.58401220758475,191.72972215657148,42672100,-0.005424225379418335
2024-01-02,183.5621795654297,186.33084291740326,181.83176685644636,185.0552730997862,82488700,-0.03578662789486087
2024-01-03,182.18777465820312,183.7995356475199,181.37694529807916,182.15811164141854,58414500,-0.007487407866262896
2024-01-04,179.8739471435547,181.04073256447913,178.85547678867908,180.1112512492328,71983600,-0.01270023479341209
2024-01-05,179.15208435058594,180.71440156415224,178.15339449300276,179.95303087035154,62379700,-0.0040131592397461
2024-01-08,183.4830780029297,183.52263874374273,179.46852282651062,180.0519155054874,59144500,0.024174955418706512
2024-01-09,183.06776428222656,183.0776469225398,180.68473531069785,181.86141829199212,42841800,-0.002263498766335803
2024-01-10,184.10601806640625,184.31365913260458,181.8614214601624,182.28661640904596,46792900,0.005671417839456794
2024-01-11,183.5127716064453,184.95643712674624,181.56481971672645,184.45213566932392,49128400,-0.003222308896751902
2024-01-12,183.83905029296875,184.64987951630312,183.11722519297732,183.97748271061099,40477800,0.0017779617389419577
2024-01-16,181.57467651367188,182.19761480887055,178.90488492167398,180.1211286782067,65603000,-0.012317153377850554
2024-01-17,180.63531494140625,180.8825167727283,178.281963767062,179.24110807963172,47317400,-0.005173417297510086
2024-01-18,186.51873779296875,187.0230241166397,183.7500741577492,184.00715864056133,78005800,0.03257072324684107
2024-01-19,189.4159393310547,189.80157360580037,186.70661676571424,187.21090309791916,68903000,0.015533032082287512
2024-01-22,191.7198486328125,193.14373357255337,190.10808789018887,190.14764863184953,60133900,0.012163228236727885
2024-01-23,192.99542236328125,193.55904982724218,191.66054141727486,192.83722464512005,42355600,0.0066533211848698315
2024-01-24,192.32302856445312,194.18199120084623,192.16481576816378,193.23272951111284,53631300,-0.0034839883277772987
2024-01-25,191.99673461914062,194.07323623297103,190.94860116972282,193.03498542605584,54822100,-0.0016965932148013119
2024-01-26,190.26629638671875,192.58010181757646,189.7916731135176,192.09559590318426,44594000,-0.00901285241050842
2024-01-29,189.5840301513672,190.04877081575225,187.45810037105477,189.86089500402176,47145600,-0.0035858491404323622
2024-01-30,185.93533325195312,189.65325866018404,185.37172089064353,188.80288370915284,55859400,-0.019245803016746055
2024-01-31,182.33607482910156,185.00586682539145,182.28664653050623,184.94652570867123,55467800,-0.019357581799551604
2024-02-01,184.76853942871094,184.85752846784007,181.76257176566293,181.93066720224104,64885400,0.01334055590419636
2024-02-02,183.76983642578125,185.2332669548565,177.24370243482153,177.84687547061628,102551700,-0.005405157209217526
2024-02-05,185.57936096191406,187.13179578344227,183.75995901240586,186.04410163536497,69668800,0.009846689594587676
2024-02-06,187.18124389648438,187.1911265388062,184.67956238073768,184.76855142564483,43490800,0.008631794647137925
2024-02-07,187.29000854492188,188.91165203661865,186.49895962721544,188.50623739169367,53439000,0.0005810659560401277
2024-02-08,186.2122039794922,187.418535043408,185.2530596605407,187.27021997882892,40962000,-0.005754736057749565
2024-02-09,186.97454833984375,188.10322646586073,186.13298359451971,186.77652244170517,45155200,0.004093954875457717
2024-02-12,185.2914276123047,186.79633688725167,184.93500212895557,186.54881961012742,41781900,-0.009001870802649692
2024-02-13,183.20236206054688,184.360756090923,181.68755769129083,183.92512331150874,56529500,-0.01127448570437306
2024-02-14,182.3212127685547,183.6875129162611,180.62820312290157,183.4796068721132,54630500,-0.004809704864509157
2024-02-15,182.03408813476562,182.65783644316613,179.5490203671251,181.72716915991907,65434500,-0.0015748284548411373
2024-02-16,180.49948120117188,183.0142649801448,179.86583763061847,181.59845842120637,49752500,-0.00843032724979309
2024-02-20,179.7569122314453,180.61826736487214,178.21240712023044,179.984623854957,53665600,-0.0041139673354460005
2024-02-21,180.5093994140625,181.0737309260645,178.86588113831095,180.13316833455778,41371400,0.0041861376749079415
2024-02-22,182.53900146484375,183.12315360761588,180.64798131414128,181.65784073265692,52292200,0.011243747180863517
2024-02-23,180.70741271972656,183.20237592421455,180.42028422645075,183.17267506039363,45119700,-0.010033958389270237
2024-02-26,179.3609161376953,180.9450175834942,178.85597124394113,180.43019254491847,40867400,-0.007451252617509563
2024-02-27,180.81631469726562,182.09349711935678,177.77679547469845,179.30151026553332,54318900,0.008114357302083652
2024-02-28,179.61831665039062,181.30143093346823,178.34113428414614,180.69748823755316,48953900,-0.006625497532569247
2024-02-29,178.95497131347656,180.75690414056305,177.74708592784262,179.46981142225187,136682600,-0.0036930829176247126
2024-03-01,177.87582397460938,178.7371792855814,175.61846756104012,177.76691576574171,73563100,-0.006030273039896894
2024-03-04,173.36109924316406,175.14321147352493,172.06409607852763,174.4006596751229,81510100,-0.025381328561490002
2024-03-05,168.43055725097656,170.33148818677603,167.93552268101038,169.06420089624305,95132400,-0.0284408786845064
2024-03-06,167.44046020507812,169.53941670485264,167.00482743895031,169.36119643359416,68587700,-0.005878369472013922
2024-03-07,167.3216552734375,169.0344703547855,166.81672553933012,167.47015957545335,71765100,-0.000709535386459903
2024-03-08,169.03448486328125,171.9749911536114,167.26226790901475,167.32166963491963,76267000,0.01023674781990791
2024-03-11,171.03445434570312,172.64827197645664,170.34140892696936,171.22256991091453,60139500,0.011831724656891751
2024-03-12,171.50962829589844,172.30168642339717,169.31167416803427,171.43042097242335,59825400,0.0027782352509797548
2024-03-13,169.43051147460938,171.4700511814422,169.0641756745517,171.05422401757613,52488700,-0.012122449578760963
2024-03-14,171.2819366455078,172.57892461566286,170.34137411890524,171.1928340614332,72913500,0.01092734215806157
2024-03-15,170.90573120117188,170.90573120117188,168.5988682774061,169.47013396047814,121752700,-0.0021964105013276836
2024-03-18,171.9947967529297,175.94517770513775,171.7967859641753,173.82643054023092,75604200,0.006372317324314203
2024-03-19,174.33135986328125,174.85609525037736,171.31164624406932,172.6086342803731,55215200,0.013585080214420842
2024-03-20,176.8956298828125,176.8956298828125,173.3511809805003,173.97492929704185,53423100,0.014709172357413314
2024-03-21,169.66812133789062,175.72735394947048,169.14338597139206,175.29172116809335,106181300,-0.040857473696268576
2024-03-22,170.56910705566406,171.33146450930536,168.37115239719608,170.05426688241553,71160100,0.005310282866745064
2024-03-25,169.15328979492188,170.23246134793257,167.76718417070535,168.8760716915293,54288300,-0.00830054917435985
2024-03-26,168.02464294433594,169.71765273934344,167.89592911986227,168.3117563520967,57388400,-0.006672331658191699
2024-03-27,171.58888244628906,171.87601096065072,168.42066417893392,168.7176879462108,60273300,0.02121259976808232
2024-03-28,169.7770233154297,170.51957504542207,168.8166552027259,170.04434616825796,65672700,-0.010559303755746097
2024-04-01,168.34141540527344,169.54930068295263,167.79687448381927,169.48989896556722,46240500,-0.008455843329806867
2024-04-02,167.1632537841797,167.65828830624176,166.55931106297376,167.40087579338118,49329500,-0.006998643906238944
2024-04-03,167.9652099609375,168.98497988400436,166.90584392266877,167.11374996517486,47691700,0.004797442970290611
2024-04-04,167.14346313476562,170.21266810452119,167.14346313476562,168.59885072968464,53704400,-0.0048923632838192566
2024-04-05,167.89590454101562,168.69785802201392,167.27215623034843,167.90579979250484,42104800,0.00450176986965567
2024-04-08,166.7771453857422,167.51969724864153,166.56923932419392,167.35138730592178,37425500,-0.00666340944010424
2024-04-09,167.98501586914062,168.39094781013864,166.67813256359855,167.02464767080627,42373800,0.00724242209929149
2024-04-10,166.1138153076172,167.41080359039768,165.45047073196832,167.12369015897798,49709300,-0.011139092090101
2024-04-11,173.30166625976562,173.71750852250418,166.49000200344838,166.6682071669761,91070300,0.04327063910269979
2024-04-12,174.7967071533203,176.58872985356905,172.47994902506244,172.52944039553972,101670900,0.008626811996797157
2024-04-15,170.9750213623047,174.8758957155582,170.78690583147454,173.6185038309996,73531800,-0.02186360288620015
2024-04-16,167.6979217529297,172.03441446797186,166.59894436401518,170.0443808641566,73711200,-0.0191671250178157
2024-04-17,166.33160400390625,168.95528100035153,166.33160400390625,167.9256158132339,50901200,-0.008147493628671398
2024-04-18,165.38111877441406,166.96523521407434,164.8959946340493,166.36129252101995,43122900,-0.005714399468364828
2024-04-19,163.36138916015625,164.74747975255278,162.45052746983075,164.559379327856,68149400,-0.01221257679973009
2024-04-22,164.19305419921875,165.59895049362888,163.1336881290828,163.87623994630854,48116400,0.005090952295019768
2024-04-23,165.2425079345703,165.391027347015,163.28217556978177,163.7079130900853,49537800,0.006391584226688618
2024-04-24,167.34146118164062,167.61867928406764,164.55936979904956,164.8860792640679,48251800,0.012702259686723005
2024-04-25,168.20285034179688,168.91570135131437,166.48012455092012,167.84642483703811,50558300,0.005147493956809912
2024-04-26,167.61868286132812,169.63841695172266,167.49986430971396,168.19292468782604,44838400,-0.003472993943216096
2024-04-29,171.77696228027344,174.2818355072499,171.38094074443057,171.64824848286057,68169400,0.0248079709729343
2024-04-30,168.63844299316406,173.25216784182598,168.3117184327478,171.6086497890361,65934800,-0.01827089759561895
2024-05-01,167.61868286132812,170.9948217396029,167.43056733625505,167.8959009696714,50383100,-0.0060470205591098836
2024-05-02,171.31166076660156,171.69778712393833,169.19291342760516,170.79682058773386,94214900,0.02203201840172353
2024-05-03,181.5588836669922,185.14292911827533,180.84603267784937,184.7963988764884,163224100,0.0598162603440735
2024-05-06,179.9054412841797,182.37070337959045,178.62824383792136,180.5390848280799,78569700,-0.009106920848032884
2024-05-07,180.58859252929688,183.06376520709566,179.51933122687228,181.6281680754234,77305800,0.0037972795055045694
2024-05-08,180.92520141601562,181.25192597526086,179.64800403830677,181.0341096024307,45057100,0.0018639543174032713
2024-05-09,182.737060546875,182.82616313989396,180.30148392023486,180.74701199258516,48983000,0.010014409914588018
2024-05-10,181.47793579101562,183.50040923773955,180.5658387363955,183.3120385724197,50759500,-0.00689036341118332
2024-05-13,184.68019104003906,185.4931559868038,183.03444380225457,183.84740874901934,72044800,0.01764542469069652
2024-05-14,185.82034301757812,186.6828817403559,184.6901339480471,185.89965779253163,52393600,0.006173656043554132
2024-05-15,188.09066772460938,189.0126735344407,185.76084369802737,186.29621459797372,70400000,0.012217848003953424
2024-05-16,188.20962524414062,189.45881387860598,188.03117836935675,188.83421956137332,52845200,0.0006324477496428837
2024-05-17,188.23939514160156,189.17132485957902,187.55531842828847,187.88248620977504,41282900,0.00015817414982000066
2024-05-20,189.3993377685547,190.2717851507536,187.38677266186554,187.70403175639103,44361300,0.006162060954778115
2024-05-21,190.69808959960938,191.07481584379752,189.28036268210627,189.44890089382775,42309400,0.006857214213925822
2024-05-22,189.26052856445312,191.16405275409193,188.63594934473116,190.61877317517173,34648500,-0.007538413406104727
2024-05-23,185.2750701904297,189.35968258649532,185.02721720275102,189.3398501117122,51005900,-0.021058053701177193
2024-05-24,188.3484344482422,188.94328765804346,186.42509288132968,187.19840810516956,36327000,0.016588115468819664
2024-05-28,188.35836791992188,191.3425125399711,187.4760118609873,189.86530324069457,52280100,5.2739868578122184e-05
2024-05-29,188.65576171875,190.5989356775744,187.88246165547932,187.98160889548626,53068000,0.0015788722429075364
2024-05-30,189.64718627929688,190.52954231443272,188.99286588586446,189.12173915319045,49889100,0.005255204248810097
2024-05-31,190.5989532470703,190.9162123421418,188.27905284340878,189.7959119633218,75158300,0.005018618975826783
2024-06-03,192.36366271972656,193.31542486412093,190.86663609575578,191.24336235629542,50080500,0.009258757420187225
2024-06-04,192.68092346191406,193.64259428823095,191.3722523931234,192.96842627855952,47471400,0.0016492758440025401
2024-06-05,194.18785095214844,195.20900403542353,193.19643901671662,193.72188613227584,54156800,0.007820844239062597
2024-06-06,192.80979919433594,194.8124556459051,192.5024638984892,194.0094143560484,41181800,-0.007096488019490366
2024-06-07,195.19911193847656,195.2486855650071,192.47272888451312,192.978343568532,53103900,0.012392071119437187
2024-06-10,191.4614715576172,195.60558138834554,190.49980075281104,195.20900753042525,97010200,-0.01914783496575234
2024-06-11,205.3709716796875,205.38089548057218,191.96709351098235,191.98691085726122,172373300,0.07264908186963592
2024-06-12,211.24014282226562,218.30889945026047,205.1231180281253,205.58908283581826,198134300,0.028578387172127462
2024-06-13,212.4001007080078,214.888539245905,209.7827737762817,212.8958066808934,97862700,0.005491181128002509
2024-06-14,210.66513061523438,213.32210737882852,209.4853479747781,212.01345147179217,70122700,-0.008168405226693154
2024-06-17,214.80923461914062,217.06965275202606,210.89316027395952,211.53757201804441,93728300,0.019671523197995144
2024-06-18,212.4496612548828,216.75240063817128,211.1707464886947,215.72132373307375,79943300,-0.010984506175637065
2024-06-20,207.87924194335938,212.4000929584359,207.05638337080816,212.0927425591543,86172500,-0.02151295174832102
2024-06-21,205.7080841064453,210.07029091430852,205.33134270047418,208.58317289420788,241805100,-0.010444322466336642
2024-06-24,206.35247802734375,210.87331399723786,204.8157865138524,205.93608683303725,80727000,0.0031325648853206545
2024-06-25,207.27450561523438,209.5646648210329,206.81844945769743,207.35380525957078,55549700,0.004468216697492089
2024-06-26,211.41859436035156,213.01476817493463,208.8310086144187,209.68362348048936,66213200,0.019993239075961844
2024-06-27,212.26129150390625,213.88720639689362,210.52632069800987,212.84622088780682,49772700,0.003985917823852159
2024-06-28,208.81117248535156,214.21437951883613,208.4939285392998,213.91695291908772,82542700,-0.01625411300435431
2024-07-01,214.88853454589844,215.64200216221636,210.10001313722785,210.26855134899324,60402900,0.029104582806617874
2024-07-02,218.37832641601562,218.48738234159504,213.2527281692765,214.29369867156123,58046200,0.01624000962867478
2024-07-03,219.64730834960938,219.64730834960938,217.14894613859082,218.11061688690268,37369800,0.0058109335043456944
2024-07-05,224.39614868164062,224.5052045874235,219.74642480522968,219.74642480522968,60412400,0.021620298321491704
2024-07-08,225.8634796142578,225.89322076278884,221.3327197032473,225.13973799267995,59085900,0.006539020126851369
2024-07-09,226.71607971191406,227.42989753320916,224.4259205051531,225.97252074204383,48076100,0.0037748470851168836
2024-07-10,230.97915649414062,231.0783037422216,227.28119408246098,227.3307677065015,62627700,0.018803592527021573
2024-07-11,225.61561584472656,230.39421338925845,223.83107137940016,229.40280147827102,64710600,-0.023220885948425973
2024-07-12,228.5601043701172,230.64207551688347,226.71607753741577,226.9540218514806,53046500,0.013050907466516382
2024-07-15,232.38693237304688,235.1926297333435,231.0881852656036,234.44907084333448,62631300,0.016743202027650117
2024-07-16,232.8033447265625,234.24088892580107,230.3347237014565,232.98179160349451,43234300,0.0017918922947317562
2024-07-17,226.9143829345703,229.47222770464353,224.6936146131452,227.4794799069808,57345900,-0.02529586419348495
2024-07-18,222.2547149658203,228.46096321097224,220.36112971273346,228.3023336745397,66034600,-0.020534916775608703
2024-07-19,222.38360595703125,224.8522270905052,221.36245288688534,222.88923571935766,49151500,0.000579924665403686
2024-07-22,222.03663635253906,225.82382229500527,221.17409763275575,225.06043082550624,48201800,-0.0015602301392632079
2024-07-23,223.0775909423828,224.9910238167192,220.76759935066607,222.44308791792702,39960300,0.004688210949975735
2024-07-24,216.6631622314453,222.86941075843336,215.26528287042115,222.07627816799848,61777600,-0.02875424951399197
2024-07-25,215.6221923828125,218.95333716975932,212.77682977395946,217.04981289629316,51391200,-0.004804553934834699
2024-07-26,216.08816528320312,217.60502442671483,214.15489978899527,216.82180047841348,41601300,0.0021610618797685
2024-07-29,216.3657684326172,217.41666277155184,213.89714701413598,215.09676223529075,36311800,0.0012846753964994573
2024-07-30,216.9209442138672,218.43780333279796,214.26395224147618,217.3075942808937,41643800,0.0025659132000028784
2024-07-31,220.1727752685547,221.89783756706774,218.73523091700034,219.53827220377053,50036300,0.014990857920484935
2024-08-01,216.48472595214844,222.55216258005441,215.15623749650504,222.44310665442717,62501000,-0.01675070549439084
2024-08-02,217.97183227539062,223.66254232334134,215.84030263063204,217.2679231335739,105568600,0.006869336008356042
2024-08-05,207.47276306152344,211.6664309709882,194.3167235143498,197.38018251460616,119548600,-0.04816709161118771
2024-08-06,205.4502716064453,208.18657796978488,199.3431861620261,203.53685401433648,69660500,-0.009748226346599442
2024-08-07,208.01806640625,211.80525225793107,204.61751548926864,205.12313014700663,63516400,0.01249837627240269
2024-08-08,211.47808837890625,212.36044444161047,207.0365669160157,211.27980900719393,47161100,0.016633276293891663
2024-08-09,214.38291931152344,214.91827509282652,210.1495861717322,210.2784745623819,42201600,0.013735848261558825
2024-08-12,215.91146850585938,217.8767320905019,213.9958359256548,214.4623401059105,38028100,0.007129995240501286
2024-08-13,219.62362670898438,220.2390087017958,217.38043273085663,217.38043273085663,44155300,0.0171929644535036
2024-08-14,220.07029724121094,221.37054778476931,218.06532277692483,218.92885985517657,41960600,0.002033800001028263
2024-08-15,223.0479736328125,223.67329096872731,221.10255033510867,222.9288713384501,46414000,0.013530569226876787
2024-08-16,224.36807250976562,225.14226768918678,221.98592068094572,222.25391598005478,44340200,0.005918452678374431
2024-08-19,224.20925903320312,224.30852103873067,221.38045847347976,224.0405257400108,40687800,-0.0007078256491043211
2024-08-20,224.82464599609375,225.47973889834265,223.7725353535306,224.0901616619868,30299000,0.0027446991508923713
2024-08-21,224.71546936035156,226.28371522001356,223.37552309496598,224.8345868015738,34765500,-0.0004856079512923772
2024-08-22,222.85939025878906,226.64103964823346,222.23407290784718,226.09512887719345,43695300,-0.008259685489591773
2024-08-23,225.15220642089844,226.5219434569281,222.66088738350675,223.9809934126029,38677300,0.01028817389945691
2024-08-26,225.48965454101562,225.58891654674125,222.22414052811973,225.0727813784282,30602200,0.0014987555551038145
2024-08-27,226.33334350585938,227.14724957253156,223.21670725505913,224.31844891527626,35934600,0.0037415861342333656
2024-08-28,224.80482482910156,228.149745768746,224.0008388469185,226.2241777594259,38052200,-0.006753395911894167
2024-08-29,228.08026123046875,231.18697758967758,227.1770435151196,228.38796742499142,51906300,0.014570133909969307
2024-08-30,227.29611206054688,228.68568922028223,225.78741746908054,228.4772602189495,52990800,-0.003438040476152926
2024-09-03,221.1125030517578,227.29614502733148,219.52440165721936,226.84949624301046,50190600,-0.027205080424525185
2024-09-04,219.20677185058594,220.12984491677884,215.86183603349318,220.01074262314262,43840200,-0.008618830572081126
2024-09-05,220.72540283203125,223.80232842315377,219.87180099289256,219.98098315180297,36615400,0.006927847021443334
2024-09-06,219.17701721191406,223.5641288078718,218.1348266072838,222.28371844795942,48423000,-0.007014986042614635
2024-09-09,219.2663116455078,219.62363365317324,215.0975649862482,219.17698492990527,67180000,0.0004074078328542008
2024-09-10,218.4722900390625,219.83209181891954,215.11743380788891,217.29114171411052,51591000,-0.003621265850127564
2024-09-11,221.00331115722656,221.4301044903715,216.26879790334314,219.81224273641337,44587100,0.011585089888111355
2024-09-12,221.1125030517578,221.88669831664953,218.18445530425632,220.84450772306226,37455600,0.0004940735682170683
2024-09-13,220.844482421875,222.37301734416337,220.25887596851652,221.91644846858938,36766600,-0.0012121459717728822
2024-09-16,214.71047973632812,215.60377723416104,212.32832783334672,214.92882889414335,59357400,-0.027775213662930454
2024-09-17,215.1769561767578,215.2861383219032,212.90400170360138,214.14470101422842,45519300,0.0021725834761421314
2024-09-18,219.04795837402344,221.05293280374121,215.92138686335736,215.9313221513165,59894900,0.017989854796931715
2024-09-19,227.16709899902344,228.11004268622213,222.95865620671253,223.31597824995185,66781300,0.037065584565443066
2024-09-20,226.50205993652344,231.35567496568984,225.9263736470506,228.25889437635817,318679900,-0.002927532487892792
2024-09-23,224.78492736816406,227.74275012420983,224.12983453268782,225.64844919522082,54146000,-0.00758109029489884
2024-09-24,225.67823791503906,227.64351653597865,224.05044101841318,226.94871280288095,43556100,0.003974067822669847
2024-09-25,224.6856689453125,225.59882178569194,222.35316341740713,223.25638097071698,42308700,-0.004398159870869889
2024-09-26,225.82713317871094,226.7998372114188,223.73283210674714,225.60876888531146,36636700,0.00508027164685898
2024-09-27,226.09510803222656,227.81224676693589,225.60876359989413,226.76013618443497,34026000,0.0011866370960107453
2024-09-30,231.26634216308594,231.26634216308594,227.94126208675945,228.32835965023514,54541900,0.022871941705710386
2024-10-01,224.5269012451172,227.94129335648356,222.0752779583648,227.81227091446172,63285000,-0.02914146890089253
2024-10-02,225.0926513671875,225.67825786117984,221.36063294746157,224.2092739820147,32880600,0.002519743152971543
2024-10-03,223.9908905029297,225.12240767637772,221.65838486968212,223.46483520314058,34044200,-0.004894699394075497
2024-10-04,225.11248779296875,226.3035561118749,222.46235586119454,226.20429410810965,37245100,0.005007334394361962
2024-10-07,220.04052734375,224.01076551273388,219.68320530273118,222.8296172342201,39505400,-0.022530782272209282
2024-10-08,224.0901641845703,224.298593199742,221.58890998571715,222.63110049734397,31855700,0.018404049879838347
2024-10-09,227.83209228515625,228.0405364361267,223.15714569962594,223.55416342639623,33591100,0.016698314779687973
2024-10-10,227.3358154296875,227.7923994519787,225.47973405841245,226.0851959438118,28183500,-0.00217825702468466
2024-10-11,225.85691833496094,227.70307961960657,225.6484741750507,227.5938974682738,31759200,-0.0065053414127963505
2024-10-14,229.5790252685547,230.00581860221664,226.89911753216435,226.99836439928595,39882100,0.01647993322955732
2024-10-15,232.11004638671875,235.7229623804217,230.6410474142004,231.87182665313995,64751400,0.011024618277751363
2024-10-16,230.05543518066406,230.3929017691756,228.12986736523644,229.87678174389526,34082200,-0.008851884000882437
2024-10-17,230.4226837158203,232.11004699556463,228.8048220166126,231.69315867439417,32993800,0.0015963480057223922
2024-10-18,233.25149536132812,234.4227083661851,232.2688559498539,234.4227083661851,46431500,0.012276619644776776
2024-10-21,234.720458984375,235.08771628667242,232.7055644739604,232.7055644739604,36254500,0.006297767226620898
2024-10-22,234.1050567626953,234.4623787465114,230.86931862526646,232.14971356587586,38846600,-0.0026218516457513497
2024-10-23,229.0430145263672,233.3904297884605,226.06533615950997,232.33831918874512,52287000,-0.021622951278063796
2024-10-24,228.85447692871094,229.10261683162435,226.71054453267715,228.26885524743938,31109500,-0.000823153668519927
2024-10-25,229.68820190429688,231.484732210271,227.86189602437614,228.03062932515897,38802300,0.0036430354641725504
2024-10-28,231.66334533691406,232.98345108474456,230.81967897982565,231.58395391704408,36087100,0.008599237645824598
2024-10-29,231.93136596679688,232.5864588417728,230.59141979007921,231.36561495313973,35417200,0.001156940168903331
2024-10-30,228.387939453125,231.7328600109945,227.8420287171323,230.87925826342104,47070900,-0.015277909906239895
2024-10-31,224.22909545898438,228.11992645086093,223.69310490697208,227.63356689740596,64370100,-0.018209560470220043
2024-11-01,221.25144958496094,223.67329727363756,218.63109301833273,219.32588166379162,65276700,-0.013279480381118036
2024-11-04,220.35812377929688,221.13231895883285,218.0752491010658,219.34572401852256,44944500,-0.004037604306502018
2024-11-05,221.7873992919922,222.28367900181775,219.49458945583885,220.14968230766976,28111300,0.006486148494016186
2024-11-06,221.06283569335938,224.38791581537038,219.54422098922427,220.95365355112233,54561100,-0.0032669286034545664
2024-11-07,225.7874298095703,226.18446269494834,222.89909318788202,222.95864433437472,42137700,0.021372177287929617
2024-11-08,225.51913452148438,227.2083389148385,224.9726232043034,225.72779283046052,38328800,-0.0011882649459813432
2024-11-11,222.8064727783203,224.26714170400084,220.0938084143074,223.57158868270503,42005600,-0.012028521433092076
2024-11-12,222.8064727783203,224.15783943194586,221.9420008205612,223.12444853772337,40398300,0.0
2024-11-13,223.6908416748047,225.2111273985325,221.34582330978657,222.58788780053936,48566200,0.003969224437048835
2024-11-14,226.77113342285156,227.41700079571672,223.5715745650122,223.5914518391994,44923900,0.013770307827465356
2024-11-15,223.5715789794922,225.4793879673537,222.84621765747355,224.96268496170848,47923700,-0.014109178690716706
2024-11-18,226.57241821289062,228.28149999782985,223.74050538640262,223.8199993254601,44633700,0.01342227508118854
2024-11-19,226.83078002929688,228.69884983965085,225.2210693317313,225.53902995111423,36211800,0.0011403056843550807
2024-11-20,227.5461883544922,228.47027695087482,224.45593165289552,226.61215353970658,35169600,0.0031539296611460266
2024-11-21,227.06924438476562,228.69883223369175,224.2770861035494,227.42695953023323,42108300,-0.0020960314614610898
2024-11-22,228.41067504882812,229.25528492407807,226.61216818417898,226.61216818417898,38168300,0.005907584127903487
2024-11-25,231.39163208007812,231.76922452168117,228.2815130321861,229.99059491471002,90152800,0.013050865641952791
2024-11-26,233.5677032470703,234.07447518116308,231.8486905145537,231.8486905145537,45986200,0.009404277706287711
2024-11-27,233.4385223388672,234.19370712659864,232.32563759305353,232.98145117337265,33498400,-0.0005530769297605875
2024-11-29,235.8233184814453,236.3002669685808,232.48464874765904,233.31931239062584,28481400,0.010215949444352113
2024-12-02,238.0689697265625,239.26134854667043,235.65440375298792,235.76370602927642,48137100,0.00952260047724618
2024-12-03,241.10952758789062,241.21882985808793,237.3833345065081,238.28756099978403,38861000,0.012771752088566624
2024-12-04,241.4672393798828,242.5602620666903,239.71841824290905,241.32812877991805,44383900,0.001483607037725987
2024-12-05,241.4970703125,242.98754766386446,240.59285890906452,242.44105143123323,40033900,0.00012354028933203587
2024-12-06,241.29832458496094,243.0769692456264,240.5431549096241,241.36788746709487,36870600,-0.0008229736587772596
2024-12-09,245.18350219726562,245.67039687977774,240.21524480725012,240.29473874492055,44649200,0.016101137954386058
2024-12-10,246.197021484375,246.63423054379348,243.78244060146582,245.32260336553807,36914800,0.004133717309796614
2024-12-11,244.92518615722656,249.20782208911243,244.69663537468304,246.38585520914904,45205800,-0.005165924914445674
2024-12-12,246.3858184814453,247.1608653940442,244.1202792424049,245.32260415969785,32777500,0.0059635856448063684
2024-12-13,246.55474853515625,247.70737273801882,244.67674782957272,246.24671899982582,33155300,0.000685632211919085
2024-12-16,249.44627380371094,249.7841268474892,246.07779571830554,246.4156487620838,51694800,0.011727720864164848
2024-12-17,251.8707733154297,252.21855739876366,248.19426586582333,248.49236434269267,51356400,0.00971952587123659
2024-12-18,246.47528076171875,252.66572594292316,246.16725119368886,250.55918941684527,56774100,-0.021421669861448778
2024-12-19,248.20420837402344,250.4001849209636,245.52135228225407,245.92875304737495,60882300,0.007014608552068813
2024-12-20,252.8743896484375,253.3811464831127,244.13025293349912,246.4653249902114,147495300,0.01881588271612422
2024-12-23,253.6494140625,254.02699130961165,251.84096111600803,253.15258832932108,40858800,0.003064859257357
2024-12-24,256.5608215332031,256.5707374276886,253.66927695641888,253.868019379837,23234700,0.011478076862364572
2024-12-26,257.3755798339844,258.44874034869076,255.99442012888886,256.55086249805703,27237100,0.0031756925937183045
2024-12-27,253.96737670898438,257.05764856283577,251.45343969164696,256.19314630806485,42355300,-0.01324213869551416
2024-12-30,250.59890747070312,251.890657464443,249.15811581542044,250.6287158030117,35557500,-0.013263393440257065
2024-12-31,248.8302001953125,251.6720440162376,247.84647977817443,250.83738041728796,39480700,-0.007057920935259476
